	{

		"metadata": {
			"formatVersion" : 3.1,
			"generatedBy"   : "Blender 2.7 Exporter",
			"vertices"      : 20,
			"faces"         : 18,
			"normals"       : 16,
			"colors"        : 0,
			"uvs"           : [49],
			"materials"     : 1,
			"morphTargets"  : 0,
			"bones"         : 0
		},

			"scale" : 1.000000,

			"vertices" : [5.69091,4.19986,-6.75827,5.69091,4.19986,-8.15827,9.8015,4.19986,-8.15827,9.8015,4.19986,-6.75827,5.69091,5.87303,-6.75827,5.69091,5.87303,-8.15827,9.8015,5.87303,-8.15827,9.8015,5.87303,-6.75827,7.74621,5.87303,-8.15827,7.74621,4.19986,-8.15827,7.74621,5.87303,-6.75827,7.74621,4.19986,-6.75827,7.67973,5.81891,-6.63227,5.75739,5.81891,-6.63227,5.75739,4.25398,-6.63227,7.67973,4.25398,-6.63227,9.73502,5.81891,-6.63227,7.81269,5.81891,-6.63227,7.81269,4.25398,-6.63227,9.73502,4.25398,-6.63227],
			"faces"    : [43,1,0,4,5,0,0,1,2,3,0,1,2,3,43,8,6,2,9,0,4,5,6,7,4,5,6,7,43,6,7,3,2,0,8,9,10,11,5,8,9,6,43,11,9,2,3,0,12,13,14,15,10,7,6,9,43,10,8,5,4,0,16,17,3,18,11,4,3,2,43,5,8,9,1,0,19,4,7,20,3,4,7,0,43,0,1,9,11,0,21,22,13,12,1,0,7,10,43,7,6,8,10,0,23,24,17,16,8,5,4,11,43,12,13,14,15,0,25,14,26,27,12,13,14,15,43,4,13,12,10,0,18,28,29,16,2,13,12,11,43,0,14,13,4,0,1,30,31,2,1,14,13,2,43,14,0,11,15,0,32,21,12,33,14,1,10,15,43,10,12,15,11,0,34,35,36,25,11,12,15,10,43,16,17,18,19,0,37,38,8,39,12,13,14,15,43,10,17,16,7,0,16,40,41,23,11,13,12,8,43,11,18,17,10,0,39,42,43,44,10,14,13,11,43,3,19,18,11,0,15,45,46,12,9,15,14,10,43,7,16,19,3,0,9,47,48,10,8,12,15,9],
			"uvs"      : [[0,0,0.364719,0,0.364719,0.367299,0,0.367299,0.212805,0.992897,0.029155,0.992897,0.029155,0.734598,0.212805,0.734598,0.765547,0.367299,0.765547,0.732018,0.398248,0.732018,0.398248,0.367299,0.432855,0.18365,0.794702,0.18365,0.794702,0.367299,0.432855,0.367299,0.361848,0.550949,0,0.550949,0.361848,0.367299,0.396454,0.992897,0.396454,0.734598,0.432855,0,0.794702,0,0.361848,0.734598,0,0.734598,0.966471,0.367299,0.794702,0.023761,0.966471,0.023761,0.396454,0.373239,0.396454,0.545008,0.398248,0.011881,0.398248,0.355418,0.398248,0.00594,0.398248,0.177709,0.966471,0,1,0.011881,1,0.355418,0.937316,0.710837,0.765547,0.710837,0.937316,0.367299,0.396454,0.556889,0.396454,0.728658,0.970845,0.37918,0.970845,0.722717,0.937316,0.734598,0.398248,0.361359,0.398248,0.18959,0.753666,0.765547,0.410129,0.765547]],
			"normals"  : [-0.577349,-0.577349,-0.577349,-0.687551,-0.677206,0.26191,-0.687551,0.677206,0.26191,-0.577349,0.577349,-0.577349,0,0.707083,-0.707083,0.577349,0.577349,-0.577349,0.577349,-0.577349,-0.577349,0,-0.707083,-0.707083,0.687551,0.677206,0.26191,0.687551,-0.677206,0.26191,0,-0.932646,0.360729,0,0.932646,0.360729,0.413862,0.449599,0.791559,-0.413862,0.449599,0.791559,-0.413862,-0.449599,0.791559,0.413862,-0.449599,0.791559],

			"skinIndices"  : [],
			"skinWeights"  : [],
			"morphTargets" : [],

			"bones"      : [],
			"animations" : [],

			"colors"    : [],
			"materials" : [
				{
					"DbgColor": 15658734,
					"DbgIndex": 0,
					"DbgName": "Alacena",
					"blending": "NormalBlending",
					"colorAmbient": [0.6400000190734865, 0.6400000190734865, 0.6400000190734865],
					"colorDiffuse": [0.6400000190734865, 0.6400000190734865, 0.6400000190734865],
					"colorEmissive": [0.0, 0.0, 0.0],
					"colorSpecular": [0.5, 0.5, 0.5],
					"depthTest": true,
					"depthWrite": true,
					"mapBump": "Alacena_normal.jpg",
					"mapBumpScale": -0.05,
					"mapBumpWrap": ["repeat", "repeat"],
					"mapDiffuse": "Alacena_diff.jpg",
					"mapDiffuseWrap": ["repeat", "repeat"],
					"mapSpecular": "Alacena_spec.jpg",
					"mapSpecularWrap": ["repeat", "repeat"],
					"shading": "Phong",
					"specularCoef": 50,
					"transparency": 1.0,
					"transparent": false,
					"vertexColors": false
				}
			]


	}
