	{

		"metadata": {
			"formatVersion" : 3.1,
			"generatedBy"   : "Blender 2.7 Exporter",
			"vertices"      : 164,
			"faces"         : 157,
			"normals"       : 127,
			"colors"        : 0,
			"uvs"           : [255],
			"materials"     : 1,
			"morphTargets"  : 0,
			"bones"         : 0
		},

			"scale" : 1.000000,
			
			"vertices" : [2.05011,3.14533,28.8381,2.05366,3.12222,28.8344,2.05885,3.12222,28.8383,2.05389,3.14533,28.8409,2.05011,3.14533,28.787,2.05389,3.14533,28.7842,2.05885,3.12222,28.7869,2.05366,3.12222,28.7908,2.1219,3.14533,28.7842,2.12568,3.14533,28.787,2.12212,3.12222,28.7908,2.11693,3.12222,28.7869,2.12568,3.14533,28.8381,2.1219,3.14533,28.8409,2.11693,3.12222,28.8383,2.12212,3.12222,28.8344,2.05011,3.45613,28.8381,2.05011,3.45613,28.8438,2.05389,3.4734,28.8438,2.05389,3.4734,28.8381,2.05389,3.45613,28.7842,2.05011,3.45613,28.787,2.05389,3.4734,28.787,2.12568,3.45613,28.787,2.1219,3.45613,28.7842,2.1219,3.4734,28.787,2.12568,3.45613,28.8438,2.12568,3.45613,28.8381,2.1219,3.4734,28.8381,2.1219,3.4734,28.8438,2.05389,3.39716,28.8438,2.05011,3.41443,28.8438,2.05011,3.41443,28.8381,2.05011,3.37989,28.8381,2.05389,3.37989,28.8409,2.05389,3.41443,28.7842,2.05389,3.37989,28.7842,2.05011,3.37989,28.787,2.05011,3.41443,28.787,2.12568,3.41443,28.787,2.12568,3.37989,28.787,2.1219,3.37989,28.7842,2.1219,3.41443,28.7842,2.1219,3.39716,28.8438,2.1219,3.37989,28.8409,2.12568,3.37989,28.8381,2.12568,3.41443,28.8381,2.12568,3.41443,28.8438,2.05389,3.4734,28.9582,2.05011,3.45613,28.9582,2.12568,3.45613,28.9582,2.1219,3.4734,28.9582,2.05011,3.41443,28.9582,2.05389,3.39716,28.9582,2.1219,3.39716,28.9582,2.12568,3.41443,28.9582,2.05962,3.12096,28.8377,2.05443,3.12096,28.8338,2.06177,3.11512,28.8322,2.06177,3.11512,28.7929,2.05443,3.12096,28.7913,2.05962,3.12096,28.7874,2.11402,3.11512,28.7929,2.11616,3.12096,28.7874,2.12135,3.12096,28.7913,2.11402,3.11512,28.8322,2.12135,3.12096,28.8338,2.11616,3.12096,28.8377,1.39892,3.05632,29.0089,1.39892,3.05632,28.9112,2.27634,3.05632,28.9112,2.27634,3.05632,29.0089,1.39892,3.53326,29.0089,1.39892,3.53326,28.9112,2.27634,3.53326,28.9112,2.27634,3.53326,29.0089,1.67505,3.50167,28.8755,1.67505,3.50167,29.0226,1.75396,3.48597,28.8755,1.75396,3.48597,29.0226,1.82086,3.44127,28.8755,1.82086,3.44127,29.0226,1.86556,3.37437,28.8755,1.86556,3.37437,29.0226,1.88126,3.29546,28.8755,1.88126,3.29546,29.0226,1.86556,3.21655,28.8755,1.86556,3.21655,29.0226,1.82086,3.14965,28.8755,1.82086,3.14965,29.0226,1.75396,3.10495,28.8755,1.75396,3.10495,29.0226,1.67505,3.08925,28.8755,1.67505,3.08925,29.0226,1.59614,3.10495,28.8755,1.59614,3.10495,29.0226,1.52924,3.14965,28.8755,1.52924,3.14965,29.0226,1.48453,3.21655,28.8755,1.48453,3.21655,29.0226,1.46884,3.29546,28.8755,1.46884,3.29546,29.0226,1.48453,3.37437,28.8755,1.48453,3.37437,29.0226,1.52924,3.44127,28.8755,1.52924,3.44127,29.0226,1.59614,3.48597,28.8755,1.59614,3.48597,29.0226,1.67505,3.50167,29.0226,1.75396,3.48597,29.0226,1.82086,3.44127,29.0226,1.86556,3.37437,29.0226,1.88126,3.29546,29.0226,1.86556,3.21655,29.0226,1.82086,3.14965,29.0226,1.75396,3.10495,29.0226,1.67505,3.08925,29.0226,1.59614,3.10495,29.0226,1.52924,3.14965,29.0226,1.48453,3.21655,29.0226,1.46884,3.29546,29.0226,1.48453,3.37437,29.0226,1.52924,3.44127,29.0226,1.59614,3.48597,29.0226,1.67505,3.45276,28.8432,1.73525,3.44079,28.8432,1.78628,3.40669,28.8432,1.82038,3.35566,28.8432,1.83235,3.29546,28.8432,1.82038,3.23526,28.8432,1.78628,3.18423,28.8432,1.73525,3.15013,28.8432,1.67505,3.13816,28.8432,1.61485,3.15013,28.8432,1.56382,3.18423,28.8432,1.52972,3.23526,28.8432,1.51775,3.29546,28.8432,1.52972,3.35566,28.8432,1.56382,3.40669,28.8432,1.61485,3.44079,28.8432,-0.288849,2.51277,30.0233,-0.288849,2.51277,29.1582,2.38878,2.51277,29.1582,2.38878,2.51277,30.0233,-0.288849,4.12889,30.0233,-0.288849,4.12889,29.1582,2.38878,4.12889,29.1582,2.38878,4.12889,30.0233,-0.173539,2.58237,29.1582,2.27347,2.58237,29.1582,-0.173539,4.05929,29.1582,2.27347,4.05929,29.1582,-0.173539,2.58237,29.8985,2.27347,2.58237,29.8985,-0.173539,4.05929,29.8985,2.27347,4.05929,29.8985,-0.173539,2.58237,29.0191,2.27347,2.58237,29.0191,-0.173539,4.05929,29.0191,2.27347,4.05929,29.0191,-0.0969609,2.62859,28.9601,2.19689,2.62859,28.9601,-0.0969609,4.01307,28.9601,2.19689,4.01307,28.9601],