	{

		"metadata": {
			"formatVersion" : 3.1,
			"generatedBy"   : "Blender 2.7 Exporter",
			"vertices"      : 24,
			"faces"         : 26,
			"normals"       : 24,
			"colors"        : 0,
			"uvs"           : [61],
			"materials"     : 1,
			"morphTargets"  : 0,
			"bones"         : 0
		},

			"scale" : 1.000000,
			
			"vertices" : [4.84331,1.98907,12.4661,4.84331,1.99329,12.436,4.86086,1.99329,12.4661,4.86086,1.99329,13.008,4.84332,1.99329,13.0381,4.84332,1.98907,13.008,4.52751,1.99329,13.0381,4.50997,1.99329,13.008,4.52751,1.98907,13.008,4.50997,1.99329,12.4661,4.52751,1.99329,12.436,4.52751,1.98907,12.4661,4.86086,2.06925,12.4661,4.84331,2.06925,12.436,4.84331,2.07347,12.4661,4.86086,2.06925,13.008,4.84332,2.07347,13.008,4.84332,2.06925,13.0381,4.52751,2.06925,13.0381,4.52751,2.07347,13.008,4.50997,2.06925,13.008,4.50997,2.06925,12.4661,4.52751,2.07347,12.4661,4.52751,2.06925,12.436],
			"faces"    : [43,0,5,8,11,0,0,1,2,3,0,1,2,3,43,20,21,9,7,0,4,5,6,7,4,5,6,7,43,22,19,16,14,0,8,9,10,11,8,9,10,11,43,17,18,6,4,0,12,13,14,15,12,13,14,15,43,23,13,1,10,0,16,17,18,19,16,17,18,19,42,0,1,2,0,0,20,21,0,18,20,42,3,4,5,0,22,23,24,21,15,1,42,6,7,8,0,14,25,26,14,7,2,42,9,10,11,0,6,27,23,6,19,3,42,12,13,14,0,28,29,30,22,17,11,42,15,16,17,0,31,32,33,23,10,12,42,18,19,20,0,13,34,35,13,9,4,42,21,22,23,0,5,36,37,5,8,16,43,1,13,12,2,0,18,17,32,30,18,17,22,20,43,14,16,15,12,0,38,39,40,41,11,10,23,22,43,17,4,3,15,0,12,15,42,43,12,15,21,23,43,5,0,2,3,0,1,0,21,44,1,0,20,21,43,16,19,18,17,0,39,45,46,47,10,9,13,12,43,20,7,6,18,0,4,7,48,26,4,7,14,13,43,8,5,4,6,0,2,1,49,50,2,1,15,14,43,19,22,21,20,0,45,51,52,53,9,8,5,4,43,23,10,9,21,0,16,19,54,55,16,19,6,5,43,11,8,7,9,0,3,2,34,56,3,2,7,6,43,22,14,13,23,0,51,38,57,58,8,11,17,16,43,0,11,10,1,0,0,3,59,20,0,3,19,18,43,12,15,3,2,0,28,31,22,60,22,23,21,20],
			"uvs"      : [[0.920192,0.820562,0.793211,0.820562,0.793211,0.693582,0.920191,0.693582,0.793211,0.538384,0.793211,0.411404,0.920191,0.411403,0.920191,0.538384,0.745312,-0.003739,0.747611,1.00564,-0.005434,1.00399,-0.007816,-0.001005,0.920192,0.679473,0.793211,0.679473,0.793211,0.552493,0.920191,0.552493,0.921891,0.661937,0.921891,0.534956,0.825509,0.219301,0.825509,0.346281,0.927246,0.820562,0.920192,0.827617,0.921891,0.393867,0.927246,0.411404,0.921891,0.386813,0.786157,0.552493,0.793211,0.545438,0.920192,0.404349,0.825509,0.205192,0.820154,0.187656,0.825509,0.212247,0.921891,0.520847,0.921891,0.527902,0.927246,0.538384,0.793211,0.686528,0.786157,0.679473,0.786157,0.411404,0.793211,0.404349,0.882403,0.6896,0.882302,0.646641,0.88409,0.646643,0.884192,0.689596,0.927246,0.552493,0.927246,0.679473,0.793211,0.827617,0.850112,0.646571,0.850107,0.644176,0.882296,0.644253,0.920192,0.545438,0.786157,0.820562,0.786157,0.693582,0.850211,0.689717,0.848422,0.689722,0.848324,0.646569,0.825509,0.353336,0.921891,0.668991,0.920192,0.686528,0.882409,0.691989,0.850216,0.692112,0.927246,0.693582,0.825509,0.078212]],
			"normals"  : [0.116855,-0.990753,-0.068728,0.116855,-0.990753,0.068728,-0.116855,-0.990753,0.068728,-0.116855,-0.990753,-0.068728,-0.793695,0.571093,0.209357,-0.793725,0.571093,-0.209357,-0.793725,-0.571093,-0.209357,-0.793725,-0.571093,0.209357,-0.116855,0.990753,-0.068758,-0.116855,0.990753,0.068728,0.116855,0.990753,0.068728,0.116855,0.990753,-0.068728,0.402692,0.564653,0.720389,-0.402692,0.564653,0.720389,-0.402692,-0.564653,0.720389,0.402692,-0.564653,0.720389,-0.402692,0.564653,-0.720389,0.402692,0.564653,-0.720389,0.402692,-0.564653,-0.720389,-0.402692,-0.564653,-0.720389,0.793695,-0.571093,-0.209357,0.793725,-0.571093,0.209357,0.793695,0.571093,-0.209357,0.793695,0.571093,0.209357],
			
			"skinIndices"  : [],
			"skinWeights"  : [],
			"morphTargets" : [],
			
			"bones"      : [],
			"animations" : [],
			
			"colors"    : [],
			"materials" : [
				{
					"DbgColor": 15658734,
					"DbgIndex": 0,
					"DbgName": "Material.015",
					"blending": "NormalBlending",
					"colorAmbient": [0.6400000190734865, 0.6400000190734865, 0.6400000190734865],
					"colorDiffuse": [0.6400000190734865, 0.6400000190734865, 0.6400000190734865],
					"colorEmissive": [0.0, 0.0, 0.0],
					"colorSpecular": [0.5, 0.5, 0.5],
					"depthTest": true,
					"depthWrite": true,
					"mapDiffuse": "iphone6-sizes-800x636.jpg",
					"mapDiffuseWrap": ["repeat", "repeat"],
					"shading": "Basic",
					"specularCoef": 50,
					"transparency": 1.0,
					"transparent": false,
					"vertexColors": false
				}
			]


	}
