	{

		"metadata": {
			"formatVersion" : 3.1,
			"generatedBy"   : "Blender 2.7 Exporter",
			"vertices"      : 14,
			"faces"         : 6,
			"normals"       : 7,
			"colors"        : 0,
			"uvs"           : [14],
			"materials"     : 1,
			"morphTargets"  : 0,
			"bones"         : 0
		},

			"scale" : 1.000000,
			
			"vertices" : [-65.869,-18.7534,-31.7145,69.0323,-18.7534,-31.7143,-65.869,21.885,-31.7145,69.0323,21.885,-31.7143,-43.3854,-18.7534,-55.8768,-20.9019,-18.7534,-64.2296,1.5817,-18.7534,-69.4381,24.0652,-18.7534,-64.2295,46.5488,-18.7534,-55.8767,46.5488,21.885,-55.8768,24.0652,21.885,-64.2296,1.58169,21.885,-69.4381,-20.9019,21.885,-64.2296,-43.3854,21.885,-55.8769],
			"faces"    : [43,8,1,3,9,0,0,1,2,3,0,1,1,0,43,0,4,13,2,0,4,5,6,7,2,3,3,2,43,4,5,12,13,0,5,8,9,6,3,4,4,3,43,5,6,11,12,0,8,10,11,9,4,5,5,4,43,6,7,10,11,0,10,12,13,11,5,6,6,5,43,7,8,9,10,0,12,0,3,13,6,0,0,6],
			"uvs"      : [[0.793842,9.2e-05,0.999908,9.2e-05,0.999908,0.979063,0.793842,0.979063,9.2e-05,9.2e-05,0.206158,9.2e-05,0.206158,0.979063,9.2e-05,0.979062,0.355907,9.2e-05,0.355907,0.979063,0.5,9.2e-05,0.5,0.979063,0.644093,9.2e-05,0.644093,0.979063]],
			"normals"  : [-0.555132,0,0.831751,-0.732078,0,0.681204,0.732078,0,0.681204,0.555132,0,0.831751,0.287545,0,0.957762,0,0,1,-0.287545,0,0.957762],
			
			"skinIndices"  : [],
			"skinWeights"  : [],
			"morphTargets" : [],
			
			"bones"      : [],
			"animations" : [],
			
			"colors"    : [],
			"materials" : [
				{
					"DbgColor": 15658734,
					"DbgIndex": 0,
					"DbgName": "Material.012",
					"blending": "NormalBlending",
					"colorAmbient": [0.6400000190734865, 0.6400000190734865, 0.6400000190734865],
					"colorDiffuse": [0.6400000190734865, 0.6400000190734865, 0.6400000190734865],
					"colorEmissive": [0.0, 0.0, 0.0],
					"colorSpecular": [0.5, 0.5, 0.5],
					"depthTest": true,
					"depthWrite": true,
					"mapDiffuse": "paisaje.jpg",
					"mapDiffuseWrap": ["repeat", "repeat"],
					"shading": "Basic",
					"specularCoef": 50,
					"transparency": 1.0,
					"transparent": false,
					"vertexColors": false
				}
			]


	}
