	{

		"metadata": {
			"formatVersion" : 3.1,
			"generatedBy"   : "Blender 2.7 Exporter",
			"vertices"      : 35,
			"faces"         : 24,
			"normals"       : 30,
			"colors"        : 0,
			"uvs"           : [20],
			"materials"     : 1,
			"morphTargets"  : 0,
			"bones"         : 0
		},

			"scale" : 1.000000,
			
			"vertices" : [19.8642,14.0008,-37.0789,26.4744,-5.71197,-42.4701,19.1584,14.0008,34.4036,30.3142,-5.9942,39.3016,33.7367,14.0009,-1.33764,45.5317,-5.85308,-1.33764,42.4425,-5.85308,16.533,30.6474,14.0009,16.533,31.3943,14.0009,-18.9836,43.1893,-5.85308,-18.9836,25.635,8.07912,-42.8385,29.4748,7.79689,38.9332,44.6924,7.93801,-1.70601,41.6031,7.93801,16.1646,42.35,7.93801,-19.352,19.8642,14.0008,-37.0789,31.6592,-5.85309,-37.0789,19.1584,14.0008,34.4036,30.9534,-5.85308,34.4036,33.7367,14.0009,-1.33764,45.5317,-5.85308,-1.33764,42.4425,-5.85308,16.533,30.6474,14.0009,16.533,31.3943,14.0009,-18.9836,43.1893,-5.85308,-18.9836,23.5046,-11.2674,-36.8389,22.7988,-11.2674,34.6436,37.3771,-11.2674,-1.09764,34.2878,-11.2674,16.773,35.0347,-11.2674,-18.7436,27.4149,2.61691,-42.4701,31.2547,2.33467,39.3016,46.4722,2.4758,-1.33764,43.383,2.47579,16.533,44.1298,2.47579,-18.9836],
			"faces"    : [43,33,6,3,31,0,0,1,2,3,0,1,2,3,43,34,9,5,32,0,4,5,6,7,4,5,6,7,43,32,5,6,33,0,7,6,1,0,7,6,1,0,43,30,1,9,34,0,8,9,5,4,8,9,5,4,43,7,13,11,2,0,10,11,12,13,10,11,12,13,43,8,14,12,4,0,14,15,16,17,14,15,16,17,43,4,12,13,7,0,17,16,11,10,17,16,11,10,43,0,10,14,8,0,18,19,15,14,18,19,15,14,43,5,9,24,20,0,6,5,5,6,6,5,20,21,43,8,4,19,23,0,14,17,17,14,14,17,21,21,43,4,7,22,19,0,17,10,10,17,17,10,21,21,43,6,5,20,21,0,1,6,6,1,1,6,21,22,43,9,1,16,24,0,5,9,9,5,5,9,23,20,43,7,2,17,22,0,10,13,13,10,10,13,21,21,43,3,6,21,18,0,2,1,1,2,2,1,22,24,43,0,8,23,15,0,18,14,14,18,18,14,21,21,43,9,5,27,29,0,5,6,6,5,5,6,25,26,43,5,6,28,27,0,6,1,1,6,6,1,27,25,43,1,9,29,25,0,9,5,5,9,9,5,26,28,43,6,3,26,28,0,1,2,2,1,1,2,29,27,43,13,33,31,11,0,11,0,3,12,11,0,3,12,43,14,34,32,12,0,15,4,7,16,15,4,7,16,43,12,32,33,13,0,16,7,0,11,16,7,0,11,43,10,30,34,14,0,19,8,4,15,19,8,4,15],
			"uvs"      : [[0.74995,0.25005,0.74995,0.0001,0.9999,0.0001,0.9999,0.25005,0.25005,0.25005,0.25005,0.0001,0.5,0.0001,0.5,0.25005,0.0001,0.25005,0.0001,0.0001,0.74995,0.9999,0.74995,0.5,0.9999,0.5,0.9999,0.9999,0.25005,0.9999,0.25005,0.5,0.5,0.5,0.5,0.9999,0.0001,0.9999,0.0001,0.5]],
			"normals"  : [-0.941893,-0.10416,-0.319315,-0.74929,-0.268777,0.605182,-0.58385,-0.763573,-0.275704,-0.877316,-0.106174,-0.467971,-0.932768,-0.082736,0.35081,-0.337138,-0.785852,0.518387,-0.37962,-0.508957,0.772515,-0.994751,-0.099796,-0.021943,-0.812708,-0.073702,0.57796,-0.489151,-0.792627,0.363842,-0.380291,-0.713401,0.588549,-0.745079,-0.616596,-0.25425,-0.675863,-0.634663,-0.374676,-0.347331,-0.67159,0.654408,-0.324198,-0.57448,0.751549,-0.756523,-0.57976,0.302499,-0.784417,-0.620075,-0.011231,-0.35783,-0.646077,0.674184,-0.306101,-0.532609,0.789056,-0.67333,-0.571978,0.468429,-0.055361,-0.686544,0.724967,0,0,1,0.038972,0.693136,0.719718,-0.080264,-0.995453,0.051149,0.056093,0.997772,0.036042,0.553331,-0.83282,0.013306,0.553453,-0.795038,-0.248177,0.515305,-0.831874,0.205908,0.544511,-0.751518,-0.372417,0.485946,-0.828059,0.279519],
			
			"skinIndices"  : [],
			"skinWeights"  : [],
			"morphTargets" : [],
			
			"bones"      : [],
			"animations" : [],
			
			"colors"    : [],
			"materials" : [
				{
					"DbgColor": 15658734,
					"DbgIndex": 0,
					"DbgName": "Material.006",
					"blending": "NormalBlending",
					"colorAmbient": [0.6400000190734865, 0.6400000190734865, 0.6400000190734865],
					"colorDiffuse": [0.6400000190734865, 0.6400000190734865, 0.6400000190734865],
					"colorEmissive": [0.0, 0.0, 0.0],
					"colorSpecular": [0.5, 0.5, 0.5],
					"depthTest": true,
					"depthWrite": true,
					"mapDiffuse": "paisaje.jpg",
					"mapDiffuseWrap": ["repeat", "repeat"],
					"shading": "Basic",
					"specularCoef": 50,
					"transparency": 1.0,
					"transparent": false,
					"vertexColors": false
				}
			]


	}
