	{

		"metadata": {
			"formatVersion" : 3.1,
			"generatedBy"   : "Blender 2.7 Exporter",
			"vertices"      : 106,
			"faces"         : 106,
			"normals"       : 0,
			"colors"        : 0,
			"uvs"           : [51],
			"materials"     : 2,
			"morphTargets"  : 0,
			"bones"         : 0
		},

			"scale" : 1.000000,

			"vertices" : [2.26316,0.0643139,0.642166,2.26316,0.0643135,-8.55828,2.26316,7.03447,0.642166,2.26316,7.03447,-8.55828,16.8897,0.0643057,-8.55828,16.8897,7.03446,-8.55828,16.8897,0.0643066,10.9658,16.8897,7.03446,10.9658,2.26316,7.03447,10.9658,2.26316,0.0643144,10.9658,2.26316,7.03447,3.12698,2.26316,0.064314,3.12698,16.6642,0.0649712,3.59033,9.31945,0.0649798,3.59033,16.6642,7.02126,3.59033,9.32261,7.02127,3.58729,9.31945,0.0649801,5.9264,9.31945,7.15571,5.9264,9.31945,0.0649801,8.01587,9.31945,7.15571,8.01587,9.31945,0.06498,10.6652,9.31945,7.15571,10.6652,9.31945,5.15662,3.59033,16.6642,5.15661,3.59033,9.31945,5.22384,5.9264,9.31945,5.22384,8.01587,9.31945,5.22384,10.6652,12.1075,0.0649761,3.59033,12.1075,7.02127,3.59033,12.1075,5.15661,3.59033,2.26316,5.39135,-8.55828,2.26316,5.39135,0.642166,16.8897,5.39134,-8.55828,16.8897,5.39134,10.9658,2.26316,5.39135,10.9658,2.26316,5.39135,3.12698,11.2506,0.0649772,3.59033,11.2506,7.02127,3.59033,11.2506,5.15661,3.59033,2.26316,2.72783,-8.55828,16.8897,2.72782,-8.55828,16.8897,2.72783,10.9658,2.26316,2.72783,10.9658,2.26316,2.72783,3.12698,2.26316,2.72783,0.642166,16.8897,0.0643058,-5.45079,16.8897,7.03446,-5.45079,16.8897,5.39134,-5.45079,16.8897,2.72782,-5.45079,16.8897,7.03446,2.57776,16.8897,5.39134,2.57776,16.8897,2.72782,2.57776,16.8897,0.0643062,2.57776,2.57644,0.0643142,0.642166,2.57644,0.0643138,-8.245,2.57643,7.03447,0.642166,2.57643,7.03447,-8.245,16.5764,0.0643054,-8.245,16.5764,7.03446,-8.245,16.5764,0.0643063,10.6526,16.5764,7.03446,10.6526,2.57643,7.03447,10.6526,2.57644,0.0643147,10.6526,2.57643,7.03447,3.12698,2.57644,0.0643143,3.12698,16.6642,0.0649712,3.27705,9.00617,0.0649796,3.27705,16.6642,7.02126,3.27705,9.00617,7.02127,3.27705,9.00617,0.0649799,5.9264,9.00617,7.15571,5.9264,9.00617,0.0649799,8.01587,9.00617,7.15571,8.01587,9.00617,0.0649798,10.6652,9.00617,7.15571,10.6652,9.00617,5.15662,3.27705,16.6642,5.15661,3.27705,9.00617,5.22384,5.9264,9.00617,5.22384,8.01587,9.00617,5.22384,10.6652,12.1075,0.0649761,3.27705,12.1075,7.02127,3.27705,12.1075,5.15661,3.27705,2.57644,5.39135,-8.245,2.57644,5.39135,0.642166,16.5764,5.39134,-8.245,16.5764,5.39134,10.6526,2.57644,5.39135,10.6526,2.57644,5.39135,3.12698,11.2506,0.0649772,3.27705,11.2506,7.02127,3.27705,11.2506,5.15661,3.27705,2.57644,2.72783,-8.245,16.5764,2.72782,-8.245,16.5764,2.72782,10.6526,2.57644,2.72783,10.6526,2.57644,2.72783,3.12698,2.57644,2.72783,0.642166,16.5764,0.0643055,-5.45079,16.5764,7.03446,-5.45079,16.5764,5.39134,-5.45079,16.5764,2.72782,-5.45079,16.5764,7.03446,2.57776,16.5764,5.39134,2.57776,16.5764,2.72782,2.57776,16.5764,0.0643059,2.57776],
			"faces"    : [11,30,31,2,3,0,0,1,2,3,11,30,3,5,32,0,4,5,6,7,11,50,49,7,33,0,8,9,3,0,11,33,7,8,34,0,10,11,3,0,11,34,8,10,35,0,4,5,12,13,11,29,23,14,28,0,14,15,6,16,11,22,15,17,24,0,17,18,19,20,11,25,19,21,26,0,21,22,5,23,11,27,12,23,29,0,24,25,15,14,11,13,22,24,16,0,25,17,20,26,11,18,25,26,20,0,27,21,23,28,11,17,19,25,24,0,19,22,21,20,11,38,29,28,37,0,29,14,16,30,11,36,27,29,38,0,31,24,14,29,11,39,44,31,30,0,32,33,1,0,11,39,30,32,40,0,34,4,7,35,11,51,50,33,41,0,36,8,0,32,11,41,33,34,42,0,37,10,0,38,11,42,34,35,43,0,39,4,13,40,11,2,31,35,10,0,2,1,13,12,11,22,38,37,15,0,41,29,30,5,11,13,36,38,22,0,42,31,29,41,11,1,0,44,39,0,25,43,33,32,11,1,39,40,4,0,42,34,35,25,11,52,51,41,6,0,44,36,32,25,11,6,41,42,9,0,28,37,38,45,11,9,42,43,11,0,28,39,40,46,11,32,5,46,47,0,4,5,47,48,11,40,32,47,48,0,39,4,48,49,11,4,40,48,45,0,28,39,49,50,11,47,46,49,50,0,48,47,9,8,11,45,48,51,52,0,50,49,36,44,11,56,55,84,83,0,3,2,1,0,11,85,58,56,83,0,7,6,5,4,11,86,60,102,103,0,0,3,9,8,11,87,61,60,86,0,0,3,11,10,11,88,63,61,87,0,13,12,5,4,11,81,67,76,82,0,16,6,15,14,11,77,70,68,75,0,20,19,18,17,11,79,74,72,78,0,23,5,22,21,11,82,76,65,80,0,14,15,25,24,11,69,77,75,66,0,26,20,17,25,11,73,79,78,71,0,28,23,21,27,11,77,78,72,70,0,20,21,22,19,11,90,81,82,91,0,30,16,14,29,11,91,82,80,89,0,29,14,24,31,11,83,84,97,92,0,0,1,33,32,11,93,85,83,92,0,35,7,4,34,11,94,86,103,104,0,32,0,8,36,11,95,87,86,94,0,38,0,10,37,11,96,88,87,95,0,40,13,4,39,11,63,88,84,55,0,12,13,1,2,11,68,90,91,75,0,5,30,29,41,11,75,91,89,66,0,41,29,31,42,11,92,97,53,54,0,32,33,43,25,11,57,93,92,54,0,25,35,34,42,11,59,94,104,105,0,25,32,36,44,11,62,95,94,59,0,45,38,37,28,11,64,96,95,62,0,46,40,39,28,11,100,99,58,85,0,48,47,5,4,11,101,100,85,93,0,49,48,4,39,11,98,101,93,57,0,50,49,39,28,11,103,102,99,100,0,8,9,47,48,11,105,104,101,98,0,44,36,49,50,11,0,1,54,53,0,43,25,25,43,11,3,2,55,56,0,3,2,2,3,11,1,4,57,54,0,42,25,25,42,11,5,3,56,58,0,6,5,5,6,11,4,45,98,57,0,28,50,50,28,11,7,49,102,60,0,3,9,9,3,11,8,7,60,61,0,3,11,11,3,11,6,9,62,59,0,28,45,45,28,11,11,43,96,64,0,46,40,40,46,11,9,11,64,62,0,28,46,46,28,11,10,8,61,63,0,12,5,5,12,11,36,13,66,89,0,31,42,42,31,11,15,37,90,68,0,5,30,30,5,11,14,23,76,67,0,6,15,15,6,11,16,24,77,69,0,26,20,20,26,11,13,16,69,66,0,25,26,26,25,11,17,15,68,70,0,19,18,18,19,11,25,18,71,78,0,21,27,27,21,11,20,26,79,73,0,28,23,23,28,11,18,20,73,71,0,27,28,28,27,11,21,19,72,74,0,5,22,22,5,11,23,12,65,76,0,15,25,25,15,11,26,21,74,79,0,23,5,5,23,11,24,25,78,77,0,20,21,21,20,11,19,17,70,72,0,22,19,19,22,11,12,27,80,65,0,25,24,24,25,11,28,14,67,81,0,16,6,6,16,11,44,0,53,97,0,33,43,43,33,11,35,31,84,88,0,13,1,1,13,11,2,10,63,55,0,2,12,12,2,11,27,36,89,80,0,24,31,31,24,11,37,28,81,90,0,30,16,16,30,11,43,35,88,96,0,40,13,13,40,11,31,44,97,84,0,1,33,33,1,11,52,6,59,105,0,44,25,25,44,11,46,5,58,99,0,47,5,5,47,11,48,47,100,101,0,49,48,48,49,11,49,46,99,102,0,9,47,47,9,11,47,50,103,100,0,48,8,8,48,11,51,48,101,104,0,36,49,49,36,11,45,52,105,98,0,50,44,44,50,11,50,51,104,103,0,8,36,36,8],
			"uvs"      : [[0,0.764264,0.470281,0.764264,0.470281,1,0,1,1,0.764264,1,1,0,0.999999,0,0.764263,0.427293,0.764264,0.427293,1,1,0.764263,1,0.999999,0.60177,1,0.60177,0.764264,0.595023,0.731947,0,0.731946,0.595023,0.999999,0,0.71807,0,0.98104,0.358593,1,0.358593,0.727549,0.641407,0.727549,0.641407,1,1,0.727549,0.595022,1e-06,0,0,0.358593,0,0.641407,0,1,0,0.706913,0.731947,0.706913,0.999999,0.706912,1e-06,0,0.382132,0.470281,0.382132,1,0.382133,0,0.382131,0.427293,0.382132,1,0.382131,0,0.382133,1,0.382132,0.60177,0.382132,1,0.731947,1,1e-06,0.470281,0,0.427293,0,0,1e-06,0.60177,0,0.852139,1,0.852139,0.764264,0.852139,0.382132,0.852139,0]],
			"normals"  : [],

			"skinIndices"  : [],
			"skinWeights"  : [],
			"morphTargets" : [],

			"bones"      : [],
			"animations" : [],

			"colors"    : [],
			"materials" : [
				{
					"DbgColor": 15658734,
					"DbgIndex": 0,
					"DbgName": "Material.003",
					"blending": "NormalBlending",
					"colorAmbient": [0.6400000190734865, 0.6400000190734865, 0.6400000190734865],
					"colorDiffuse": [0.6400000190734865, 0.6400000190734865, 0.6400000190734865],
					"colorEmissive": [0.0, 0.0, 0.0],
					"colorSpecular": [0.0, 0.0, 0.0],
					"depthTest": true,
					"depthWrite": true,
					"mapBump": "pared_normal.jpg",
					"mapBumpRepeat": [5, 5],
					"mapBumpScale": 0.2000000074505806,
					"mapBumpWrap": ["repeat", "repeat"],
					"shading": "Phong",
					"specularCoef": 1,
					"transparency": 1.0,
					"transparent": false,
					"vertexColors": false
				}
			]


	}
