	{

		"metadata": {
			"formatVersion" : 3.1,
			"generatedBy"   : "Blender 2.7 Exporter",
			"vertices"      : 44,
			"faces"         : 35,
			"normals"       : 36,
			"colors"        : 0,
			"uvs"           : [75],
			"materials"     : 1,
			"morphTargets"  : 0,
			"bones"         : 0
		},

			"scale" : 1.000000,
			
			"vertices" : [11.6133,4.54475,-6.50484,11.6133,4.54475,-8.50484,16.5331,4.54475,-8.50484,16.5331,4.54475,-6.50484,12.0104,5.97663,-7.27844,12.0104,5.97663,-8.46949,16.136,5.97663,-8.46949,16.136,5.97663,-7.27844,13.539,5.7566,-7.35488,13.539,5.7566,-8.33111,14.5152,5.7566,-8.33111,14.5152,5.7566,-7.35488,13.539,6.94915,-7.35488,13.539,6.94915,-8.33111,14.5152,6.94915,-8.33111,14.5152,6.94915,-7.35488,11.824,4.52994,-6.45537,16.3224,4.52994,-6.45537,12.1871,5.83918,-7.16272,15.9593,5.83918,-7.16272,11.5144,-0.239877,-5.60741,11.5144,-0.239877,-8.29835,16.4973,-0.239877,-8.29835,16.4973,-0.239877,-5.60741,11.5144,2.45106,-5.60741,11.5144,2.45106,-8.29835,16.4973,2.45106,-8.29835,16.4973,2.45106,-5.60741,11.6496,-0.0448164,-5.60741,16.3621,-0.0448164,-5.60741,11.6496,2.256,-5.60741,16.3621,2.256,-5.60741,11.6496,-0.0448163,-5.44142,16.3621,-0.0448163,-5.44142,11.6496,2.18515,-5.44142,16.3621,2.18515,-5.44142,11.7571,4.54475,-6.63756,11.7571,4.54475,-8.37211,16.3892,4.54475,-8.37211,16.3892,4.54475,-6.63756,12.4512,5.48272,-7.21042,12.4512,5.48272,-8.42519,15.6952,5.48272,-8.42519,15.6952,5.48272,-7.21042],
			"faces"    : [43,1,0,4,5,0,0,1,2,3,0,1,2,3,43,5,6,2,1,0,4,5,6,7,3,4,5,0,43,6,7,3,2,0,8,9,10,11,4,6,7,5,43,0,3,17,16,0,12,13,14,15,1,7,8,9,43,7,6,5,4,0,16,17,6,18,6,4,3,2,43,12,13,9,8,0,19,20,21,22,10,11,11,10,43,13,14,10,9,0,23,24,17,25,11,12,12,11,43,14,15,11,10,0,26,27,22,21,12,13,13,12,43,15,12,8,11,0,28,29,30,31,13,10,10,13,43,19,18,16,17,0,32,33,34,35,14,15,9,8,43,7,4,18,19,0,36,37,33,32,6,2,15,14,43,3,7,19,17,0,38,36,32,35,7,6,14,8,43,4,0,16,18,0,37,39,34,33,2,1,9,15,43,24,25,21,20,0,40,41,42,43,16,17,11,10,43,25,26,22,21,0,42,44,45,46,17,18,12,11,43,26,27,23,22,0,47,46,48,49,18,19,13,12,43,20,23,29,28,0,50,51,52,53,10,13,20,21,43,27,26,25,24,0,54,31,55,56,19,18,17,16,43,28,29,33,32,0,11,57,58,59,21,20,22,23,43,27,24,30,31,0,60,43,61,62,19,16,24,25,43,23,27,31,29,0,51,60,62,52,13,19,25,20,43,24,20,28,30,0,43,50,53,61,16,10,21,24,43,35,34,32,33,0,63,51,64,65,26,27,23,22,43,31,30,34,35,0,66,67,50,68,25,24,27,26,43,29,31,35,33,0,59,69,70,71,20,25,26,22,43,30,28,32,34,0,71,72,73,74,24,21,23,27,43,3,0,36,39,0,13,12,12,13,7,1,28,29,43,2,3,39,38,0,11,10,10,11,5,7,29,30,43,1,2,38,37,0,7,6,6,7,0,5,30,31,43,0,1,37,36,0,1,0,0,1,1,0,31,28,43,39,36,40,43,0,13,12,12,13,29,28,32,33,43,38,39,43,42,0,11,10,10,11,30,29,33,34,43,37,38,42,41,0,7,6,6,7,31,30,34,35,43,36,37,41,40,0,1,0,0,1,28,31,35,32,43,41,42,43,40,0,6,10,12,0,35,34,33,32],
			"uvs"      : [[0.985766,0.356197,0.985766,0.566848,0.834219,0.485367,0.834219,0.359921,0.724833,0.824096,0.724833,0.589435,0.875672,0.566848,0.875672,0.846684,0.782247,0.279701,0.782247,0.154254,0.933795,0.072774,0.933795,0.283424,0.776938,0.283424,0.776938,0.003588,0.782247,0.015572,0.782247,0.27144,1,0.801508,0.875672,0.801508,1,0.566848,0.850352,0.846684,0.850352,0.949505,0.724833,0.949505,0.724833,0.846684,0.931199,0.927109,0.875672,0.927109,0.931199,0.801508,0.599315,0.949505,0.599315,0.846684,0.566848,0.97305,0.511321,0.97305,0.511321,0.847744,0.566848,0.847744,0.58213,0.814047,0.58213,0.599485,0.724833,0.578832,0.724833,0.8347,0.566848,0.824096,0.566848,0.589435,0.722918,0.846684,0.722918,0.566848,0.283424,0.560509,0,0.560509,0,0.283424,0.283424,0.283424,0,0,0.283414,0,0.283414,0.283424,0.566838,0.283424,0.283414,0.000195,0.566838,0.000195,0.566174,0.283424,0.566174,0.566848,0.545678,0.559158,0.545678,0.291113,0.566848,0.566848,-0.000576,0.847744,-0.000576,0.566848,0.933795,0.015379,0.951232,0.015379,0.951232,0.283424,0.283424,0.566848,0.30392,0.291113,0.30392,0.559158,0.834219,0.566848,0.566174,0.332534,0.834219,0.332534,0.834219,0.301745,0.566174,0.301745,0.834219,0.283424,0.951232,0.041257,0.968715,0.048714,0.968715,0.283424,0.968715,0.041257,0.986198,0.041257,0.986198,0.275967]],
			"normals"  : [-0.65508,-0.494461,-0.571245,-0.674001,-0.390606,0.627003,-0.524491,0.770257,0.362712,-0.487838,0.648427,-0.584399,0.487838,0.648427,-0.584399,0.65508,-0.494461,-0.571245,0.524491,0.770257,0.362712,0.674001,-0.390606,0.627003,0.122288,-0.602863,0.788385,-0.122288,-0.602863,0.788385,-0.707083,0,0.707083,-0.707083,0,-0.707083,0.707083,0,-0.707083,0.707083,0,0.707083,0.055483,0.551958,0.831996,-0.055483,0.551958,0.831996,-0.577349,0.577349,0.577349,-0.577349,0.577349,-0.577349,0.577349,0.577349,-0.577349,0.577349,0.577349,0.577349,0.301492,-0.301492,0.904508,-0.301492,-0.301492,0.904508,0.577349,-0.577349,0.577349,-0.577349,-0.577349,0.577349,-0.206854,0.255989,0.944273,0.206854,0.255989,0.944273,0.601581,0.440199,0.666555,-0.601581,0.440199,0.666555,0.148564,-0.978545,-0.142582,-0.148564,-0.978545,-0.142582,-0.222297,-0.961791,0.159642,0.222297,-0.961791,0.159642,0.354778,-0.846675,-0.396496,-0.354778,-0.846675,-0.396496,-0.35548,-0.682272,0.638813,0.35548,-0.682272,0.638813],
			
			"skinIndices"  : [],
			"skinWeights"  : [],
			"morphTargets" : [],
			
			"bones"      : [],
			"animations" : [],
			
			"colors"    : [],
			"materials" : [
				{
					"DbgColor": 15658734,
					"DbgIndex": 0,
					"DbgName": "CocinaJS",
					"blending": "NormalBlending",
					"colorAmbient": [0.6400000190734865, 0.6400000190734865, 0.6400000190734865],
					"colorDiffuse": [0.6400000190734865, 0.6400000190734865, 0.6400000190734865],
					"colorEmissive": [0.0, 0.0, 0.0],
					"colorSpecular": [0.5, 0.5, 0.5],
					"depthTest": true,
					"depthWrite": true,
					"mapBump": "cocina_normal.jpg",
					"mapBumpScale": 0.5,
					"mapBumpWrap": ["repeat", "repeat"],
					"mapDiffuse": "cocina_diff.jpg",
					"mapDiffuseWrap": ["repeat", "repeat"],
					"mapSpecular": "cocina_spec.jpg",
					"mapSpecularWrap": ["repeat", "repeat"],
					"shading": "Phong",
					"specularCoef": 50,
					"transparency": 1.0,
					"transparent": false,
					"vertexColors": false
				}
			]


	}
