	{

		"metadata": {
			"formatVersion" : 3.1,
			"generatedBy"   : "Blender 2.7 Exporter",
			"vertices"      : 146,
			"faces"         : 136,
			"normals"       : 0,
			"colors"        : 0,
			"uvs"           : [],
			"materials"     : 1,
			"morphTargets"  : 0,
			"bones"         : 0
		},

			"scale" : 1.000000,
			
			"vertices" : [16.7449,-1.39095,-0.500891,7.69537,-1.39095,-0.500892,7.69537,-1.39095,-3.07849,16.7449,-1.39095,-3.07849,16.7449,6.91949,-0.500891,7.69537,6.91949,-0.500893,7.69537,6.91949,-3.07849,16.7449,6.91949,-3.07849,13.903,-1.39095,10.8889,13.903,-1.39095,3.42343,16.4806,-1.39095,3.42343,16.4806,-1.39095,10.8889,13.903,6.91949,10.8889,13.903,6.91949,3.42343,16.4806,6.91949,3.42343,16.4806,6.91949,10.8889,9.01217,-0.949898,9.3545,9.01217,-0.949898,10.8392,11.5898,-0.949898,10.8392,11.5898,-0.949898,9.3545,9.01217,7.36054,9.3545,9.01217,7.36054,10.8392,11.5898,7.36054,10.8392,11.5898,7.36054,9.3545,16.4684,-1.39095,-5.68148,3.32877,-1.39095,-5.68148,3.32877,-1.39095,-8.25908,16.4684,-1.39095,-8.25908,16.4684,6.91949,-5.68148,3.32877,6.91949,-5.68148,3.32877,6.91949,-8.25908,16.4684,6.91949,-8.25908,2.35436,-1.39095,-0.385366,2.35436,-1.39095,-8.43909,4.93196,-1.39095,-8.43909,4.93196,-1.39095,-0.385366,2.35436,6.91949,-0.385366,2.35436,6.91949,-8.43909,4.93196,6.91949,-8.43909,4.93196,6.91949,-0.385366,2.26316,0.0643139,0.642166,2.26316,0.0643135,-8.55828,2.26316,7.03447,0.642166,2.26316,7.03447,-8.55828,16.8897,0.0643057,-8.55828,16.8897,7.03446,-8.55828,16.8897,0.0643066,10.9658,16.8897,7.03446,10.9658,2.26316,7.03447,10.9658,2.26316,0.0643144,10.9658,2.26316,7.03447,3.12698,2.26316,0.064314,3.12698,16.6642,0.0649712,3.59033,9.31945,0.0649798,3.59033,16.6642,7.02126,3.59033,9.32261,7.02127,3.58729,9.31945,0.0649801,5.9264,9.31945,7.15571,5.9264,9.31945,0.0649801,8.01587,9.31945,7.15571,8.01587,9.31945,0.06498,10.6652,9.31945,7.15571,10.6652,9.31945,5.15662,3.59033,16.6642,5.15661,3.59033,9.31945,5.22384,5.9264,9.31945,5.22384,8.01587,9.31945,5.22384,10.6652,12.1075,0.0649761,3.59033,12.1075,7.02127,3.59033,12.1075,5.15661,3.59033,2.26316,5.39135,-8.55828,2.26316,5.39135,0.642166,16.8897,5.39134,-8.55828,16.8897,5.39134,10.9658,2.26316,5.39135,10.9658,2.26316,5.39135,3.12698,11.2506,0.0649772,3.59033,11.2506,7.02127,3.59033,11.2506,5.15661,3.59033,2.26316,2.72783,-8.55828,16.8897,2.72782,-8.55828,16.8897,2.72783,10.9658,2.26316,2.72783,10.9658,2.26316,2.72783,3.12698,2.26316,2.72783,0.642166,16.8897,0.0643058,-5.45079,16.8897,7.03446,-5.45079,16.8897,5.39134,-5.45079,16.8897,2.72782,-5.45079,16.8897,7.03446,2.57776,16.8897,5.39134,2.57776,16.8897,2.72782,2.57776,16.8897,0.0643062,2.57776,2.57644,0.0643142,0.642166,2.57644,0.0643138,-8.245,2.57643,7.03447,0.642166,2.57643,7.03447,-8.245,16.5764,0.0643054,-8.245,16.5764,7.03446,-8.245,16.5764,0.0643063,10.6526,16.5764,7.03446,10.6526,2.57643,7.03447,10.6526,2.57644,0.0643147,10.6526,2.57643,7.03447,3.12698,2.57644,0.0643143,3.12698,16.6642,0.0649712,3.27705,9.00617,0.0649796,3.27705,16.6642,7.02126,3.27705,9.00617,7.02127,3.27705,9.00617,0.0649799,5.9264,9.00617,7.15571,5.9264,9.00617,0.0649799,8.01587,9.00617,7.15571,8.01587,9.00617,0.0649798,10.6652,9.00617,7.15571,10.6652,9.00617,5.15662,3.27705,16.6642,5.15661,3.27705,9.00617,5.22384,5.9264,9.00617,5.22384,8.01587,9.00617,5.22384,10.6652,12.1075,0.0649761,3.27705,12.1075,7.02127,3.27705,12.1075,5.15661,3.27705,2.57644,5.39135,-8.245,2.57644,5.39135,0.642166,16.5764,5.39134,-8.245,16.5764,5.39134,10.6526,2.57644,5.39135,10.6526,2.57644,5.39135,3.12698,11.2506,0.0649772,3.27705,11.2506,7.02127,3.27705,11.2506,5.15661,3.27705,2.57644,2.72783,-8.245,16.5764,2.72782,-8.245,16.5764,2.72782,10.6526,2.57644,2.72783,10.6526,2.57644,2.72783,3.12698,2.57644,2.72783,0.642166,16.5764,0.0643055,-5.45079,16.5764,7.03446,-5.45079,16.5764,5.39134,-5.45079,16.5764,2.72782,-5.45079,16.5764,7.03446,2.57776,16.5764,5.39134,2.57776,16.5764,2.72782,2.57776,16.5764,0.0643059,2.57776],
			"faces"    : [3,1,0,4,5,0,3,5,6,2,1,0,3,6,7,3,2,0,3,0,3,7,4,0,3,0,1,2,3,0,3,7,6,5,4,0,3,12,13,9,8,0,3,13,14,10,9,0,3,14,15,11,10,0,3,15,12,8,11,0,3,8,9,10,11,0,3,15,14,13,12,0,3,20,21,17,16,0,3,21,22,18,17,0,3,22,23,19,18,0,3,23,20,16,19,0,3,16,17,18,19,0,3,23,22,21,20,0,3,28,29,25,24,0,3,29,30,26,25,0,3,30,31,27,26,0,3,31,28,24,27,0,3,24,25,26,27,0,3,31,30,29,28,0,3,36,37,33,32,0,3,37,38,34,33,0,3,38,39,35,34,0,3,39,36,32,35,0,3,32,33,34,35,0,3,39,38,37,36,0,3,70,71,42,43,0,3,70,43,45,72,0,3,90,89,47,73,0,3,73,47,48,74,0,3,74,48,50,75,0,3,69,63,54,68,0,3,62,55,57,64,0,3,65,59,61,66,0,3,67,52,63,69,0,3,53,62,64,56,0,3,58,65,66,60,0,3,57,59,65,64,0,3,78,69,68,77,0,3,76,67,69,78,0,3,79,84,71,70,0,3,79,70,72,80,0,3,91,90,73,81,0,3,81,73,74,82,0,3,82,74,75,83,0,3,42,71,75,50,0,3,62,78,77,55,0,3,53,76,78,62,0,3,41,40,84,79,0,3,41,79,80,44,0,3,92,91,81,46,0,3,46,81,82,49,0,3,49,82,83,51,0,3,72,45,86,87,0,3,80,72,87,88,0,3,44,80,88,85,0,3,87,86,89,90,0,3,85,88,91,92,0,3,96,95,124,123,0,3,125,98,96,123,0,3,126,100,142,143,0,3,127,101,100,126,0,3,128,103,101,127,0,3,121,107,116,122,0,3,117,110,108,115,0,3,119,114,112,118,0,3,122,116,105,120,0,3,109,117,115,106,0,3,113,119,118,111,0,3,117,118,112,110,0,3,130,121,122,131,0,3,131,122,120,129,0,3,123,124,137,132,0,3,133,125,123,132,0,3,134,126,143,144,0,3,135,127,126,134,0,3,136,128,127,135,0,3,103,128,124,95,0,3,108,130,131,115,0,3,115,131,129,106,0,3,132,137,93,94,0,3,97,133,132,94,0,3,99,134,144,145,0,3,102,135,134,99,0,3,104,136,135,102,0,3,140,139,98,125,0,3,141,140,125,133,0,3,138,141,133,97,0,3,143,142,139,140,0,3,145,144,141,138,0,3,40,41,94,93,0,3,43,42,95,96,0,3,41,44,97,94,0,3,45,43,96,98,0,3,44,85,138,97,0,3,47,89,142,100,0,3,48,47,100,101,0,3,46,49,102,99,0,3,51,83,136,104,0,3,49,51,104,102,0,3,50,48,101,103,0,3,76,53,106,129,0,3,55,77,130,108,0,3,54,63,116,107,0,3,56,64,117,109,0,3,53,56,109,106,0,3,57,55,108,110,0,3,65,58,111,118,0,3,60,66,119,113,0,3,58,60,113,111,0,3,61,59,112,114,0,3,63,52,105,116,0,3,66,61,114,119,0,3,64,65,118,117,0,3,59,57,110,112,0,3,52,67,120,105,0,3,68,54,107,121,0,3,84,40,93,137,0,3,75,71,124,128,0,3,42,50,103,95,0,3,67,76,129,120,0,3,77,68,121,130,0,3,83,75,128,136,0,3,71,84,137,124,0,3,92,46,99,145,0,3,86,45,98,139,0,3,88,87,140,141,0,3,89,86,139,142,0,3,87,90,143,140,0,3,91,88,141,144,0,3,85,92,145,138,0,3,90,91,144,143,0],
			"uvs"      : [],
			"normals"  : [],
			
			"skinIndices"  : [],
			"skinWeights"  : [],
			"morphTargets" : [],
			
			"bones"      : [],
			"animations" : [],
			
			"colors"    : [],
			"materials" : [
				{
					"DbgColor": 15658734,
					"DbgIndex": 0,
					"DbgName": "Material",
					"blending": "NormalBlending",
					"colorAmbient": [1.0, 0.9617208242416382, 0.779251217842102],
					"colorDiffuse": [1.0, 0.9617208242416382, 0.779251217842102],
					"colorEmissive": [0.0, 0.0, 0.0],
					"colorSpecular": [0.0, 0.0, 0.0],
					"depthTest": true,
					"depthWrite": true,
					"shading": "Phong",
					"specularCoef": 50,
					"transparency": 1.0,
					"transparent": false,
					"vertexColors": false
				}
			]


	}
