	{

		"metadata": {
			"formatVersion" : 3.1,
			"generatedBy"   : "Blender 2.7 Exporter",
			"vertices"      : 224,
			"faces"         : 194,
			"normals"       : 34,
			"colors"        : 0,
			"uvs"           : [],
			"materials"     : 1,
			"morphTargets"  : 0,
			"bones"         : 0
		},

			"scale" : 1.000000,
			
			"vertices" : [-28.9746,-5.82811,29.9919,37.2508,-5.82811,29.9919,-28.9746,22.6144,29.9919,37.2508,22.6144,29.9919,16.8986,-12.9128,49.7156,16.8986,-12.9128,-49.5017,16.8986,29.6991,49.7156,16.8986,29.6991,-49.5017,-13.3211,-12.9128,-46.0087,-13.3211,-12.9128,53.2086,-13.3211,29.6991,-46.0087,-13.3211,29.6991,53.2086,21.9209,-12.9128,-29.9809,-20.6909,-12.9128,-29.9809,21.9209,29.6991,-29.981,-20.6909,29.6991,-29.981,11.4249,-0.212185,10.8497,9.53924,-0.212185,10.8497,9.53924,-0.212185,8.95715,11.4249,-0.212185,8.95715,11.4249,7.87775,10.8497,9.53924,7.87775,10.8497,9.53924,7.87775,8.95715,11.4249,7.87775,8.95715,6.2588,-0.212186,19.6131,6.2588,-0.212186,11.1666,13.072,-0.212187,11.1666,13.072,-0.212187,19.6131,6.2588,7.87775,19.6131,6.2588,7.87775,11.1666,13.072,7.87775,11.1666,13.072,7.87775,19.6131,8.56214,-1.48532,-0.31647,8.56214,-1.48532,-3.11415,17.2702,-1.48532,-3.11415,17.2702,-1.48532,-0.316472,8.56214,10.5173,-0.31647,8.56214,10.5173,-3.11415,17.2702,10.5173,-3.11415,17.2702,10.5173,-0.316472,-6.02316,-0.212184,-19.3591,-6.02316,-0.212183,-24.8804,9.63033,-0.212185,-24.8804,9.63033,-0.212185,-19.3591,-6.02316,7.87775,-19.3591,-6.02316,7.87775,-24.8804,9.63033,7.87775,-24.8804,9.63033,7.87775,-19.3591,2.06376,-3.82098,0.677633,2.06376,-3.82098,-7.68904,2.9375,-3.82098,-7.68904,2.9375,-3.82098,0.677632,2.06376,13.1443,0.677633,2.06376,13.1443,-7.68904,2.9375,13.1443,-7.68904,2.9375,13.1443,0.677632,2.06376,-3.82098,-8.68904,2.9375,-3.82098,-8.68904,2.06376,13.1443,-8.68904,2.9375,13.1443,-8.68904,16.3613,-3.82098,-7.68904,16.3613,13.1443,-7.68904,16.3613,-3.82098,-8.68904,16.3613,13.1443,-8.68904,17.2427,-3.82098,-7.68904,17.2427,13.1443,-7.68904,17.2427,-3.82098,-8.68904,17.2427,13.1443,-8.68904,16.3613,-3.82098,3.08524,16.3613,13.1443,3.08524,17.2427,-3.82098,3.08524,17.2427,13.1443,3.08524,16.3613,-3.82098,3.74065,16.3613,13.1443,3.74065,17.2427,-3.82098,3.74065,17.2427,13.1443,3.74065,9.62639,-3.82098,3.08524,9.62639,13.1443,3.08524,9.62639,-3.82098,3.74065,9.62639,13.1443,3.74065,8.88057,-3.82098,3.08524,8.88057,13.1443,3.08524,8.88057,-3.82098,3.74065,8.88057,13.1443,3.74065,9.62639,-3.82098,5.8651,9.62639,13.1443,5.8651,8.88057,-3.82098,5.8651,8.88057,13.1443,5.8651,16.3613,-3.82098,10.453,16.3613,13.1443,10.453,17.2427,-3.82098,10.453,17.2427,13.1443,10.453,16.3613,-3.82098,11.1084,16.3613,13.1443,11.1084,17.2427,-3.82098,11.1084,17.2427,13.1443,11.1084,9.55859,-3.82098,10.453,9.55859,13.1443,10.453,9.55859,-3.82098,11.1084,9.55859,13.1443,11.1084,8.76757,-3.82098,10.453,8.76757,13.1443,10.453,8.76757,-3.82098,11.1084,8.76757,13.1443,11.1084,9.55859,-3.82098,8.05734,9.55859,13.1443,8.05734,8.76757,-3.82098,8.05734,8.76757,13.1443,8.05734,2.95925,-3.82098,10.453,2.95925,13.1443,10.453,2.95925,-3.82098,11.1084,2.95925,13.1443,11.1084,1.94223,-3.82098,10.453,1.94223,13.1443,10.453,1.94223,-3.82098,11.1084,1.94223,13.1443,11.1084,2.95925,-3.82098,3.22084,2.95925,13.1443,3.22084,1.94223,-3.82098,3.22084,1.94223,13.1443,3.22084,16.3613,-3.82098,29.2293,16.3613,13.1443,29.2293,17.2427,-3.82098,29.2293,17.2427,13.1443,29.2293,16.3613,-3.82098,29.9713,16.3613,13.1443,29.9713,17.2427,-3.82098,29.9713,17.2427,13.1443,29.9713,-1.95482,-3.82098,29.2293,-1.95482,13.1443,29.2293,-1.95482,-3.82098,29.9713,-1.95482,13.1443,29.9713,-2.89211,-3.82098,29.2293,-2.89211,13.1443,29.2293,-2.89211,-3.82098,29.9713,-2.89211,13.1443,29.9713,-1.95482,-3.82098,10.6007,-1.95482,13.1443,10.6007,-2.89211,-3.82098,10.6007,-2.89211,13.1443,10.6007,-1.95482,-3.82098,9.58532,-1.95482,13.1443,9.58532,-2.89211,-3.82098,9.58532,-2.89211,13.1443,9.58532,-12.2049,-3.82098,10.6007,-12.2049,13.1443,10.6007,-12.2049,-3.82098,9.58532,-12.2049,13.1443,9.58532,-13.5546,-3.82098,10.6007,-13.5546,13.1443,10.6007,-13.5546,-3.82098,9.58532,-13.5546,13.1443,9.58532,-12.2049,-3.82098,-29.3247,-12.2049,13.1443,-29.3247,-13.5546,-3.82098,-28.3406,-13.5546,13.1443,-28.3406,-12.2049,-3.82098,-31.04,-12.2049,13.1443,-31.04,-13.5546,-3.82098,-31.04,-13.5546,13.1443,-31.04,15.5985,-3.82098,-29.3247,15.5985,13.1443,-29.3247,15.5985,-3.82098,-31.04,15.5985,13.1443,-31.04,18.2303,-3.82098,-28.3406,18.2303,13.1443,-28.3406,18.2303,-3.82098,-31.04,18.2303,13.1443,-31.04,15.5985,-3.82098,-8.16294,15.5985,13.1443,-8.16294,18.2303,-3.82098,-8.16294,18.2303,13.1443,-8.16294,1.05819,-3.41956,-13.9091,1.05819,-3.41956,-17.5609,11.4201,-3.41956,-17.5609,11.4201,-3.41956,-13.9091,1.05819,6.805,-13.9091,1.05819,6.805,-17.5609,11.4201,6.805,-17.5609,11.4201,6.805,-13.9091,15.2667,-3.41956,-17.5609,15.2667,-3.41956,-12.925,15.2667,6.805,-17.5609,15.2667,6.805,-12.925,11.4201,-3.41956,-10.4281,11.4201,6.805,-10.4281,15.2667,-3.41956,-10.4281,15.2667,6.805,-10.4281,16.4814,-3.41956,-8.24809,16.4814,-3.41956,-5.20559,4.99476,-3.41956,-5.2056,4.99476,-3.41956,-8.24809,16.4814,6.805,-8.24809,16.4814,6.805,-5.20559,4.99476,6.805,-5.2056,4.99476,6.805,-8.24809,2.2729,-3.41956,-5.20559,2.2729,-3.41956,-8.24809,2.2729,6.805,-5.20559,2.2729,6.805,-8.24809,4.99476,-3.41956,-8.49555,4.99476,6.805,-8.49555,2.2729,-3.41956,-8.49554,2.2729,6.805,-8.49554,4.99476,-3.41956,-0.144344,4.99476,6.805,-0.144344,2.2729,-3.41956,-0.144343,2.2729,6.805,-0.144343,2.60346,-0.212185,10.8497,2.60346,-0.212185,8.96399,9.41663,-0.212185,8.96399,9.41663,-0.212185,10.8497,2.60346,7.87775,10.8497,2.60346,7.87775,8.96399,9.41663,7.87775,8.96399,9.41663,7.87775,10.8497,15.7832,-0.212185,10.4748,13.8975,-0.212185,10.4748,13.8975,-0.212185,3.66158,15.7832,-0.212185,3.66158,15.7832,7.87775,10.4748,13.8975,7.87775,10.4748,13.8975,7.87775,3.66158,15.7832,7.87775,3.66158],