	{

		"metadata": {
			"formatVersion" : 3.1,
			"generatedBy"   : "Blender 2.7 Exporter",
			"vertices"      : 20,
			"faces"         : 18,
			"normals"       : 16,
			"colors"        : 0,
			"uvs"           : [49],
			"materials"     : 1,
			"morphTargets"  : 0,
			"bones"         : 0
		},

			"scale" : 1.000000,

			"vertices" : [2.66274,0.0367506,-0.296214,2.66274,0.0367506,-3.66476,4.48294,0.0367506,-3.66476,4.48294,0.0367506,-0.296214,2.66274,5.39249,-0.296215,2.66274,5.39249,-3.66476,4.48294,5.39249,-3.66476,4.48294,5.39249,-0.296215,2.66274,5.39249,-1.98049,2.66274,0.0367506,-1.98049,4.48294,5.39249,-1.98049,4.48294,0.0367506,-1.98049,4.58268,5.34741,-1.94719,4.58268,5.34741,-0.329509,4.58268,0.0818264,-0.329509,4.58268,0.0818264,-1.94719,4.58268,5.34741,-3.63146,4.58268,5.34741,-2.01378,4.58268,0.0818264,-2.01378,4.58268,0.0818264,-3.63146],
			"faces"    : [43,8,5,1,9,0,0,1,2,3,0,1,2,3,43,5,6,2,1,0,4,5,6,7,1,4,5,2,43,0,3,7,4,0,8,9,10,11,6,7,8,9,43,9,1,2,11,0,12,13,14,15,3,2,5,10,43,10,6,5,8,0,16,14,13,17,11,4,1,0,43,9,0,4,8,0,3,18,14,0,3,6,9,0,43,0,9,11,3,0,19,12,15,18,6,3,10,7,43,7,10,8,4,0,6,16,17,20,8,11,0,9,43,12,13,14,15,0,21,22,13,23,12,13,14,15,43,7,13,12,10,0,8,24,25,26,8,13,12,11,43,3,14,13,7,0,27,28,29,30,7,14,13,8,43,11,15,14,3,0,31,32,33,34,10,15,14,7,43,10,12,15,11,0,30,35,36,37,11,12,15,10,43,16,17,18,19,0,23,13,38,39,12,13,14,15,43,10,17,16,6,0,34,40,41,31,11,13,12,4,43,11,18,17,10,0,30,42,43,44,10,14,13,11,43,2,19,18,11,0,45,41,40,46,5,15,14,10,43,6,16,19,2,0,44,47,48,30,4,12,15,5],
			"uvs"      : [[0.193162,0.386324,0,0.386324,0,0,0.193162,0,0.002734,0.386324,0.386323,0.386324,0.386324,0.772647,0.002734,0.772647,0.772647,0.772647,0.769522,0.990612,0.008199,0.990612,0.011324,0.772647,0.771526,0.193162,0.771526,0.386324,0.386324,0.386324,0.386324,0.193162,0.386324,0.579485,0.771526,0.579485,0.386324,0,0.771526,0,0.771526,0.772647,0.957051,0.766144,0.771526,0.766144,0.957051,0.386324,0.794004,0.776466,0.794004,0.961991,0.772647,0.965809,0.978526,0,1,0.003252,1,0.383072,0.978526,0.386324,0.836718,0.772647,0.858074,0.776466,0.858074,0.961991,0.836718,0.965809,0.957051,0.383072,0.957051,0.003252,0.978525,0,0.771526,0.006503,0.957051,0.006503,0.815361,0.961991,0.815361,0.776466,1,0.389575,1,0.769396,0.978526,0.772647,0.794004,0.772647,0.794004,0.965809,0.957051,0.769396,0.957051,0.389575]],
			"normals"  : [-0.707083,0.707083,0,-0.577349,0.577349,-0.577349,-0.577349,-0.577349,-0.577349,-0.707083,-0.707083,0,0.227638,0.695669,-0.681295,0.227638,-0.695669,-0.681295,-0.577349,-0.577349,0.577349,0.227638,-0.695669,0.681295,0.227638,0.695669,0.681295,-0.577349,0.577349,0.577349,0.310984,-0.950377,0,0.310984,0.950377,0,0.760582,0.436232,-0.480789,0.760582,0.436232,0.480789,0.760582,-0.436232,0.480789,0.760582,-0.436232,-0.480789],

			"skinIndices"  : [],
			"skinWeights"  : [],
			"morphTargets" : [],

			"bones"      : [],
			"animations" : [],

			"colors"    : [],
			"materials" : [
				{
					"DbgColor": 15658734,
					"DbgIndex": 0,
					"DbgName": "HeladeraJS",
					"blending": "NormalBlending",
					"colorAmbient": [0.6400000190734865, 0.6400000190734865, 0.6400000190734865],
					"colorDiffuse": [0.6400000190734865, 0.6400000190734865, 0.6400000190734865],
					"colorEmissive": [0.0, 0.0, 0.0],
					"colorSpecular": [0.5, 0.5, 0.5],
					"depthTest": true,
					"depthWrite": true,
					"mapBump": "Heladera_normal.jpg",
					"mapBumpScale": 0.05,
					"mapBumpWrap": ["repeat", "repeat"],
					"mapDiffuse": "Heladera_diff.jpg",
					"mapDiffuseWrap": ["repeat", "repeat"],
					"mapSpecular": "Heladera_specularl.jpg",
					"mapSpecularWrap": ["repeat", "repeat"],
					"shading": "Phong",
					"specularCoef": 50,
					"transparency": 1.0,
					"transparent": false,
					"vertexColors": false
				}
			]


	}
