	{

		"metadata": {
			"formatVersion" : 3.1,
			"generatedBy"   : "Blender 2.7 Exporter",
			"vertices"      : 220,
			"faces"         : 212,
			"normals"       : 0,
			"colors"        : 0,
			"uvs"           : [],
			"materials"     : 1,
			"morphTargets"  : 0,
			"bones"         : 0
		},

			"scale" : 1.000000,
			
			"vertices" : [9.09673,3.96292,-2.22212,8.86027,3.96292,-2.12417,8.76233,3.96292,-1.88772,8.86027,3.96292,-1.65126,9.09673,3.96292,-1.55331,9.33319,3.96292,-1.65126,9.43113,3.96292,-1.88772,9.33319,3.96292,-2.12417,9.09673,4.89204,-2.0588,8.97575,4.89204,-2.00869,8.92564,4.89204,-1.88772,8.97575,4.89204,-1.76674,9.09673,4.89204,-1.71663,9.21771,4.89204,-1.76674,9.26782,4.89204,-1.88772,9.21771,4.89204,-2.00869,9.34694,4.15576,-2.13793,9.09673,4.15576,-2.24157,9.45058,4.15576,-1.88772,9.34694,4.15576,-1.6375,9.09673,4.15576,-1.53386,8.84652,4.15576,-1.6375,8.74288,4.15576,-1.88772,8.84652,4.15576,-2.13793,9.08805,7.27167,-1.9071,9.08805,4.59164,-1.9071,9.10826,7.27167,-1.87209,9.10826,4.59164,-1.87209,9.06784,7.27167,-1.87209,9.06784,4.59164,-1.87209,9.09673,5.01949,-1.90351,9.08556,5.01949,-1.89889,9.08093,5.01949,-1.88772,9.08556,5.01949,-1.87654,9.09673,5.01949,-1.87192,9.1079,5.01949,-1.87654,9.11253,5.01949,-1.88772,9.1079,5.01949,-1.89889,9.09673,3.96292,-2.1386,8.91933,3.96292,-2.06512,8.84585,3.96292,-1.88772,8.91933,3.96292,-1.71031,9.09673,3.96292,-1.63683,9.27413,3.96292,-1.71031,9.34762,3.96292,-1.88772,9.27413,3.96292,-2.06512,9.09673,4.39108,-1.88772,9.09673,4.60155,-2.19302,9.31261,4.60155,-2.1036,9.40203,4.60155,-1.88772,9.31261,4.60155,-1.67183,9.09673,4.60155,-1.58241,8.88085,4.60155,-1.67183,8.79143,4.60155,-1.88772,8.88085,4.60155,-2.1036,11.0967,3.96292,-2.22212,10.8603,3.96292,-2.12417,10.7623,3.96292,-1.88772,10.8603,3.96292,-1.65126,11.0967,3.96292,-1.55331,11.3332,3.96292,-1.65126,11.4311,3.96292,-1.88772,11.3332,3.96292,-2.12417,11.0967,4.89204,-2.0588,10.9758,4.89204,-2.00869,10.9256,4.89204,-1.88772,10.9758,4.89204,-1.76674,11.0967,4.89204,-1.71663,11.2177,4.89204,-1.76674,11.2678,4.89204,-1.88772,11.2177,4.89204,-2.00869,11.3469,4.15576,-2.13793,11.0967,4.15576,-2.24157,11.4506,4.15576,-1.88772,11.3469,4.15576,-1.6375,11.0967,4.15576,-1.53386,10.8465,4.15576,-1.6375,10.7429,4.15576,-1.88772,10.8465,4.15576,-2.13793,11.0881,7.27167,-1.9071,11.0881,4.59164,-1.9071,11.1083,7.27167,-1.87209,11.1083,4.59164,-1.87209,11.0678,7.27167,-1.87209,11.0678,4.59164,-1.87209,11.0967,5.01949,-1.90351,11.0856,5.01949,-1.89889,11.0809,5.01949,-1.88772,11.0856,5.01949,-1.87654,11.0967,5.01949,-1.87192,11.1079,5.01949,-1.87654,11.1125,5.01949,-1.88772,11.1079,5.01949,-1.89889,11.0967,3.96292,-2.1386,10.9193,3.96292,-2.06512,10.8458,3.96292,-1.88772,10.9193,3.96292,-1.71031,11.0967,3.96292,-1.63683,11.2741,3.96292,-1.71031,11.3476,3.96292,-1.88772,11.2741,3.96292,-2.06512,11.0967,4.39108,-1.88772,11.0967,4.60155,-2.19302,11.3126,4.60155,-2.1036,11.402,4.60155,-1.88772,11.3126,4.60155,-1.67183,11.0967,4.60155,-1.58241,10.8808,4.60155,-1.67183,10.7914,4.60155,-1.88772,10.8808,4.60155,-2.1036,13.0967,3.96292,-2.22212,12.8603,3.96292,-2.12417,12.7623,3.96292,-1.88772,12.8603,3.96292,-1.65126,13.0967,3.96292,-1.55331,13.3332,3.96292,-1.65126,13.4311,3.96292,-1.88772,13.3332,3.96292,-2.12417,13.0967,4.89204,-2.0588,12.9758,4.89204,-2.00869,12.9256,4.89204,-1.88772,12.9758,4.89204,-1.76674,13.0967,4.89204,-1.71663,13.2177,4.89204,-1.76674,13.2678,4.89204,-1.88772,13.2177,4.89204,-2.00869,13.3469,4.15576,-2.13793,13.0967,4.15576,-2.24157,13.4506,4.15576,-1.88772,13.3469,4.15576,-1.6375,13.0967,4.15576,-1.53386,12.8465,4.15576,-1.6375,12.7429,4.15576,-1.88772,12.8465,4.15576,-2.13793,13.0881,7.27167,-1.9071,13.0881,4.59164,-1.9071,13.1083,7.27167,-1.87209,13.1083,4.59164,-1.87209,13.0678,7.27167,-1.87209,13.0678,4.59164,-1.87209,13.0967,5.01949,-1.90351,13.0856,5.01949,-1.89889,13.0809,5.01949,-1.88772,13.0856,5.01949,-1.87654,13.0967,5.01949,-1.87192,13.1079,5.01949,-1.87654,13.1125,5.01949,-1.88772,13.1079,5.01949,-1.89889,13.0967,3.96292,-2.1386,12.9193,3.96292,-2.06512,12.8458,3.96292,-1.88772,12.9193,3.96292,-1.71031,13.0967,3.96292,-1.63683,13.2741,3.96292,-1.71031,13.3476,3.96292,-1.88772,13.2741,3.96292,-2.06512,13.0967,4.39108,-1.88772,13.0967,4.60155,-2.19302,13.3126,4.60155,-2.1036,13.402,4.60155,-1.88772,13.3126,4.60155,-1.67183,13.0967,4.60155,-1.58241,12.8808,4.60155,-1.67183,12.7914,4.60155,-1.88772,12.8808,4.60155,-2.1036,15.0967,3.96292,-2.22212,14.8603,3.96292,-2.12417,14.7623,3.96292,-1.88772,14.8603,3.96292,-1.65126,15.0967,3.96292,-1.55331,15.3332,3.96292,-1.65126,15.4311,3.96292,-1.88772,15.3332,3.96292,-2.12417,15.0967,4.89204,-2.0588,14.9758,4.89204,-2.00869,14.9256,4.89204,-1.88772,14.9758,4.89204,-1.76674,15.0967,4.89204,-1.71663,15.2177,4.89204,-1.76674,15.2678,4.89204,-1.88772,15.2177,4.89204,-2.00869,15.3469,4.15576,-2.13793,15.0967,4.15576,-2.24157,15.4506,4.15576,-1.88772,15.3469,4.15576,-1.6375,15.0967,4.15576,-1.53386,14.8465,4.15576,-1.6375,14.7429,4.15576,-1.88772,14.8465,4.15576,-2.13793,15.0881,7.27167,-1.9071,15.0881,4.59164,-1.9071,15.1083,7.27167,-1.87209,15.1083,4.59164,-1.87209,15.0678,7.27167,-1.87209,15.0678,4.59164,-1.87209,15.0967,5.01949,-1.90351,15.0856,5.01949,-1.89889,15.0809,5.01949,-1.88772,15.0856,5.01949,-1.87654,15.0967,5.01949,-1.87192,15.1079,5.01949,-1.87654,15.1125,5.01949,-1.88772,15.1079,5.01949,-1.89889,15.0967,3.96292,-2.1386,14.9193,3.96292,-2.06512,14.8458,3.96292,-1.88772,14.9193,3.96292,-1.71031,15.0967,3.96292,-1.63683,15.2741,3.96292,-1.71031,15.3476,3.96292,-1.88772,15.2741,3.96292,-2.06512,15.0967,4.39108,-1.88772,15.0967,4.60155,-2.19302,15.3126,4.60155,-2.1036,15.402,4.60155,-1.88772,15.3126,4.60155,-1.67183,15.0967,4.60155,-1.58241,14.8808,4.60155,-1.67183,14.7914,4.60155,-1.88772,14.8808,4.60155,-2.1036],