	{

		"metadata": {
			"formatVersion" : 3.1,
			"generatedBy"   : "Blender 2.7 Exporter",
			"vertices"      : 100,
			"faces"         : 102,
			"normals"       : 84,
			"colors"        : 0,
			"uvs"           : [],
			"materials"     : 1,
			"morphTargets"  : 0,
			"bones"         : 0
		},

			"scale" : 1.000000,
			
			"vertices" : [10.6374,0.0772202,9.98608,10.6374,0.846237,9.98608,10.8495,0.0772202,10.0739,10.8495,0.846237,10.0739,10.9374,0.0772202,10.2861,10.9374,0.846237,10.2861,10.8495,0.0772202,10.4982,10.8495,0.846237,10.4982,10.6374,0.0772202,10.5861,10.6374,0.846237,10.5861,10.4252,0.0772202,10.4982,10.4252,0.846237,10.4982,10.3374,0.0772202,10.2861,10.3374,0.846237,10.2861,10.4252,0.0772202,10.0739,10.4252,0.846237,10.0739,10.6374,0.846237,10.0306,10.8181,0.846237,10.1054,10.8929,0.846237,10.2861,10.8181,0.846237,10.4668,10.6374,0.846237,10.5416,10.4567,0.846237,10.4668,10.3819,0.846237,10.2861,10.4567,0.846237,10.1054,10.6374,0.1711,10.0306,10.8181,0.1711,10.1054,10.8929,0.1711,10.2861,10.8181,0.1711,10.4668,10.6374,0.1711,10.5416,10.4567,0.1711,10.4668,10.3819,0.1711,10.2861,10.4567,0.1711,10.1054,9.76354,0.666606,10.0726,9.25943,3.46916,10.5106,9.8026,0.675608,10.06,9.2985,3.47816,10.4979,9.83988,0.679336,10.079,9.33578,3.48189,10.517,9.85354,0.675608,10.1186,9.34944,3.47816,10.5566,9.83558,0.666606,10.1555,9.33147,3.46916,10.5935,9.79651,0.657605,10.1681,9.29241,3.46016,10.6061,9.75923,0.653877,10.1491,9.25513,3.45643,10.5871,9.74557,0.657605,10.1095,9.24147,3.46016,10.5475,9.92559,0.576725,10.3716,9.56215,0.576725,9.95328,9.67044,0.610908,9.85919,10.0339,0.610908,10.2775,9.82315,0.788956,10.2717,9.64675,0.788956,10.0687,9.69968,0.805666,10.0227,9.87609,0.805666,10.2257,9.71103,0.781407,10.191,9.69495,0.561283,10.2049,9.8118,0.813215,10.1034,9.90109,0.626351,10.0258,10.0754,0.126882,10.3281,9.62613,0.126882,9.81101,9.68525,0.145544,9.75965,10.1345,0.145544,10.2767,9.82406,0.118451,10.0928,9.9366,0.153976,9.99499,10.0794,0.0401194,10.2755,9.67879,0.0401193,9.81436,9.7138,0.0511687,9.78395,10.1144,0.0511687,10.2451,9.8633,0.0351275,10.0587,9.92994,0.0561606,10.0008,14.6339,1.5534,10.6467,14.6339,1.5534,5.69177,16.5469,1.5534,5.69177,16.5469,1.5534,10.6467,14.6339,1.87682,10.6467,14.6339,1.87682,5.69177,16.5469,1.87682,5.69177,16.5469,1.87682,10.6467,15.3107,4.19986,6.63652,16.7107,4.19986,6.63652,16.7107,4.19986,10.7471,15.3107,4.19986,10.7471,15.3107,5.87303,6.63652,16.7107,5.87303,6.63652,16.7107,5.87303,10.7471,15.3107,5.87303,10.7471,16.7107,5.87303,8.69182,16.7107,4.19986,8.69182,15.3107,5.87303,8.69182,15.3107,4.19986,8.69182,15.1847,5.81891,8.62534,15.1847,5.81891,6.703,15.1847,4.25398,6.703,15.1847,4.25399,8.62534,15.1847,5.81891,10.6806,15.1847,5.81891,8.7583,15.1847,4.25399,8.7583,15.1847,4.25399,10.6806],
			"faces"    : [35,0,1,3,2,0,0,1,2,3,35,2,3,5,4,0,3,2,4,5,35,4,5,7,6,0,5,4,6,7,35,6,7,9,8,0,7,6,8,9,35,8,9,11,10,0,9,8,10,11,35,10,11,13,12,0,11,10,12,13,35,1,15,23,16,0,1,14,15,16,35,1,0,14,15,0,1,0,17,14,35,12,13,15,14,0,13,12,14,17,34,0,2,14,0,0,3,17,34,2,4,6,0,3,5,7,34,6,8,10,0,7,9,11,34,10,12,14,0,11,13,17,34,2,6,14,0,3,7,17,34,6,10,14,0,7,11,17,35,16,23,31,24,0,16,15,6,8,35,15,13,22,23,0,14,12,18,15,35,13,11,21,22,0,12,10,19,18,35,11,9,20,21,0,10,8,20,19,35,9,7,19,20,0,8,6,21,20,35,7,5,18,19,0,6,4,22,21,35,5,3,17,18,0,4,2,23,22,35,3,1,16,17,0,2,1,16,23,34,25,24,26,0,10,8,12,34,24,31,30,0,8,6,4,34,30,29,28,0,4,2,1,34,28,27,26,0,1,14,12,34,24,30,26,0,8,4,12,34,30,28,26,0,4,1,12,35,23,22,30,31,0,15,18,4,6,35,22,21,29,30,0,18,19,2,4,35,21,20,28,29,0,19,20,1,2,35,20,19,27,28,0,20,21,14,1,35,19,18,26,27,0,21,22,12,14,35,18,17,25,26,0,22,23,10,12,35,17,16,24,25,0,23,16,8,10,35,32,33,35,34,0,24,25,26,27,35,34,35,37,36,0,27,26,28,29,35,36,37,39,38,0,29,28,30,31,35,38,39,41,40,0,31,30,32,33,35,40,41,43,42,0,33,32,34,35,35,42,43,45,44,0,35,34,36,37,34,35,33,37,0,26,25,28,34,33,47,45,0,25,38,36,34,45,43,41,0,36,34,32,34,41,39,37,0,32,30,28,34,33,45,37,0,25,36,28,34,45,41,37,0,36,32,28,35,46,47,33,32,0,39,38,25,24,35,44,45,47,46,0,37,36,38,39,34,32,34,46,0,24,27,39,34,34,36,38,0,27,29,31,34,38,40,42,0,31,33,35,34,42,44,46,0,35,37,39,34,34,38,46,0,27,31,39,34,38,42,46,0,31,35,39,35,56,53,49,57,0,40,41,42,43,35,53,54,50,49,0,41,44,45,42,35,58,55,51,59,0,46,47,48,49,35,55,52,48,51,0,47,50,51,48,35,57,49,61,64,0,43,42,52,53,35,58,54,53,56,0,46,44,41,40,35,52,56,57,48,0,50,40,43,51,35,54,58,59,50,0,44,46,49,45,35,59,51,63,65,0,49,48,54,55,35,55,58,56,52,0,47,46,40,50,35,64,61,67,70,0,53,52,56,57,35,65,63,69,71,0,55,54,58,59,35,51,48,60,63,0,48,51,60,54,35,50,59,65,62,0,45,49,55,61,35,49,50,62,61,0,42,45,61,52,35,48,57,64,60,0,51,43,53,60,35,70,67,68,71,0,57,56,62,59,35,66,70,71,69,0,63,57,59,58,35,63,60,66,69,0,54,60,63,58,35,62,65,71,68,0,61,55,59,62,35,61,62,68,67,0,52,61,62,56,35,60,64,70,66,0,60,53,57,63,35,76,77,73,72,0,64,65,66,67,35,77,78,74,73,0,65,68,69,66,35,78,79,75,74,0,68,70,71,69,35,79,76,72,75,0,70,64,67,71,35,72,73,74,75,0,67,66,69,71,35,79,78,77,76,0,70,68,65,64,35,84,85,81,80,0,72,68,69,73,35,88,86,82,89,0,74,70,71,75,35,86,87,83,82,0,70,76,77,71,35,91,89,82,83,0,78,75,71,77,35,90,88,85,84,0,79,74,68,72,35,85,88,89,81,0,68,74,75,69,35,80,81,89,91,0,73,69,75,78,35,87,86,88,90,0,76,70,74,79,35,92,93,94,95,0,80,81,82,83,35,84,93,92,90,0,72,81,80,79,35,80,94,93,84,0,73,82,81,72,35,91,95,94,80,0,78,83,82,73,35,90,92,95,91,0,79,80,83,78,35,96,97,98,99,0,80,81,82,83,35,90,97,96,87,0,79,81,80,76,35,91,98,97,90,0,78,82,81,79,35,83,99,98,91,0,77,83,82,78,35,87,96,99,83,0,76,80,83,77],
			"uvs"      : [],
			"normals"  : [0,-0.630238,-0.77636,0,0.630238,-0.77636,0.548967,0.630238,-0.548967,0.548967,-0.630238,-0.548967,0.77636,0.630238,0,0.77636,-0.630238,0,0.548967,0.630238,0.548967,0.548967,-0.630238,0.548967,0,0.630238,0.77636,0,-0.630238,0.77636,-0.548967,0.630238,0.548967,-0.548967,-0.630238,0.548967,-0.77636,0.630238,0,-0.77636,-0.630238,0,-0.548967,0.630238,-0.548967,0.42027,0.804163,0.42027,0,0.804163,0.594348,-0.548967,-0.630238,-0.548967,0.594348,0.804163,0,0.42027,0.804163,-0.42027,0,0.804163,-0.594348,-0.42027,0.804163,-0.42027,-0.594348,0.804163,0,-0.42027,0.804163,0.42027,-0.398907,-0.613086,-0.681875,-0.619465,0.613086,-0.490249,-0.067202,0.740318,-0.668844,0.153325,-0.485824,-0.860469,0.459822,0.793054,-0.399487,0.68038,-0.433119,-0.591144,0.652882,0.740318,0.159948,0.87344,-0.485824,-0.031648,0.398907,0.613086,0.681875,0.619465,-0.613086,0.490249,-0.153356,0.485824,0.860469,0.067171,-0.740349,0.668844,-0.68038,0.433119,0.591144,-0.459822,-0.793054,0.399487,-0.87347,0.485824,0.031648,-0.652882,-0.740318,-0.159948,-0.600543,0.605853,0.521775,-0.745354,0.662221,0.076571,-0.984619,0.124638,-0.122349,-0.749565,-0.118259,0.651234,-0.095187,0.867458,-0.488296,-0.079806,0.41023,-0.908444,0.329753,0.899503,-0.286508,0.470199,0.867458,0.16245,0.888394,0.41023,0.205939,0.709281,0.342204,-0.61626,-0.179937,0.662221,0.727348,-0.016358,0.124638,0.992035,-0.92349,-0.312143,-0.222907,-0.69158,-0.4008,0.600848,0.985076,-0.030152,0.169408,0.753716,0.055391,-0.654836,-0.537675,-0.829096,-0.153172,-0.321024,-0.905026,0.278939,0.79516,-0.602252,-0.070498,0.594623,-0.615986,-0.516648,0.091708,-0.312143,0.945585,-0.030122,-0.030152,-0.999084,0.180883,-0.602252,-0.77752,0.076571,-0.829096,0.553819,-0.577349,0.577349,0.577349,-0.577349,0.577349,-0.577349,-0.577349,-0.577349,-0.577349,-0.577349,-0.577349,0.577349,0.577349,0.577349,-0.577349,0.577349,-0.577349,-0.577349,0.577349,0.577349,0.577349,0.577349,-0.577349,0.577349,-0.26191,0.677206,-0.687551,-0.26191,-0.677206,-0.687551,0.707083,0.707083,0,0.707083,-0.707083,0,-0.26191,0.677206,0.687551,-0.26191,-0.677206,0.687551,-0.360729,-0.932646,0,-0.360729,0.932646,0,-0.791559,0.449599,0.413862,-0.791559,0.449599,-0.413862,-0.791559,-0.449599,-0.413862,-0.791559,-0.449599,0.413862],
			
			"skinIndices"  : [],
			"skinWeights"  : [],
			"morphTargets" : [],
			
			"bones"      : [],
			"animations" : [],
			
			"colors"    : [],
			"materials" : [
				{
					"DbgColor": 15658734,