	{

		"metadata": {
			"formatVersion" : 3.1,
			"generatedBy"   : "Blender 2.7 Exporter",
			"vertices"      : 39,
			"faces"         : 28,
			"normals"       : 39,
			"colors"        : 0,
			"uvs"           : [],
			"materials"     : 1,
			"morphTargets"  : 0,
			"bones"         : 0
		},

			"scale" : 1.000000,
			
			"vertices" : [13.8389,0.855268,5.36931,13.7665,0.855268,5.21242,13.8389,0.855268,5.07599,13.8389,1.30943,5.20401,13.7665,1.20858,5.08382,13.8389,1.12088,4.97931,13.8389,1.55109,4.78545,13.7665,1.39657,4.75821,13.8389,1.26222,4.73452,13.8389,1.46716,4.30948,13.7665,1.33128,4.38793,13.8389,1.21313,4.45615,13.8389,1.09692,3.99882,13.7665,1.04326,4.14625,13.8389,0.9966,4.27446,13.8389,0.613613,3.99882,13.7665,0.667275,4.14625,13.8389,0.713937,4.27446,13.8389,0.243375,4.30948,13.7665,0.379253,4.38793,13.8389,0.497405,4.45615,13.8389,0.159449,4.78545,13.7665,0.313964,4.75821,13.8389,0.448321,4.73452,13.8389,0.401105,5.20401,13.7665,0.501957,5.08382,13.8389,0.589652,4.97931,13.8267,0.0208281,3.66195,16.372,0.0208281,3.66195,16.372,0.0208281,5.67438,13.8267,0.0208281,5.67438,13.9236,2.12625,3.66195,16.372,2.12625,3.66195,16.372,2.12625,5.67438,13.9236,2.12625,5.67438,13.8267,1.76971,3.66195,16.372,1.76971,3.66195,16.372,1.76971,5.67438,13.8267,1.76971,5.67438],
			"faces"    : [35,0,3,4,1,0,0,1,2,3,35,1,4,5,2,0,3,2,4,5,35,3,6,7,4,0,1,6,7,2,35,4,7,8,5,0,2,7,8,4,35,6,9,10,7,0,6,9,10,7,35,7,10,11,8,0,7,10,11,8,35,9,12,13,10,0,9,12,13,10,35,10,13,14,11,0,10,13,14,11,35,12,15,16,13,0,12,15,16,13,35,13,16,17,14,0,13,16,17,14,35,15,18,19,16,0,15,18,19,16,35,16,19,20,17,0,16,19,20,17,35,18,21,22,19,0,18,21,22,19,35,19,22,23,20,0,19,22,23,20,35,21,24,25,22,0,21,24,25,22,35,22,25,26,23,0,22,25,26,23,35,24,0,1,25,0,24,0,3,25,35,25,1,2,26,0,25,3,5,26,35,35,36,28,27,0,27,28,29,30,35,36,37,29,28,0,28,31,32,29,35,37,38,30,29,0,31,33,34,32,35,38,35,27,30,0,33,27,30,34,35,27,28,29,30,0,30,29,32,34,35,34,33,32,31,0,35,36,37,38,35,31,32,36,35,0,38,37,28,27,35,32,33,37,36,0,37,36,31,28,35,33,34,38,37,0,36,35,33,31,35,34,31,35,38,0,35,38,27,33],
			"uvs"      : [],
			"normals"  : [-0.908078,0,0.418744,-0.908078,0.269173,0.32078,-0.997497,0.045259,0.053957,-0.997497,0,0.070437,-0.88345,-0.301157,-0.358898,-0.88345,0,-0.46852,-0.908078,0.412397,0.072695,-0.997497,0.069338,0.012207,-0.88345,-0.461379,-0.081332,-0.908078,0.362651,-0.209357,-0.997497,0.060976,-0.035218,-0.88345,-0.405744,0.23426,-0.908078,0.143223,-0.393506,-0.997497,0.024079,-0.066164,-0.88345,-0.160222,0.44026,-0.908078,-0.143223,-0.393506,-0.997497,-0.024079,-0.066164,-0.88345,0.160222,0.44026,-0.908078,-0.362651,-0.209357,-0.997497,-0.060976,-0.035218,-0.883419,0.405744,0.23426,-0.908078,-0.412397,0.072695,-0.997497,-0.069338,0.012207,-0.883419,0.461379,-0.081332,-0.908078,-0.269173,0.32078,-0.997497,-0.045259,0.053957,-0.88345,0.301157,-0.358898,-0.728111,0.09714,-0.678487,0.707083,0,-0.707083,0.577349,-0.577349,-0.577349,-0.577349,-0.577349,-0.577349,0.707083,0,0.707083,0.577349,-0.577349,0.577349,-0.728111,0.09714,0.678487,-0.577349,-0.577349,0.577349,-0.489212,0.639882,0.592578,0.577349,0.577349,0.577349,0.577349,0.577349,-0.577349,-0.489212,0.639882,-0.592578],
			
			"skinIndices"  : [],
			"skinWeights"  : [],
			"morphTargets" : [],
			
			"bones"      : [],
			"animations" : [],
			
			"colors"    : [],
			"materials" : [
				{
					"DbgColor": 15658734,
					"DbgIndex": 0,
					"DbgName": "Material.008",
					"blending": "NormalBlending",
					"colorAmbient": [1.0, 1.0, 1.0],
					"colorDiffuse": [1.0, 1.0, 1.0],
					"colorEmissive": [0.0, 0.0, 0.0],
					"colorSpecular": [0.5, 0.5, 0.5],
					"depthTest": true,
					"depthWrite": true,
					"shading": "Phong",
					"specularCoef": 200,
					"transparency": 1.0,
					"transparent": false,
					"vertexColors": false
				}
			]


	}
