	{

		"metadata": {
			"formatVersion" : 3.1,
			"generatedBy"   : "Blender 2.7 Exporter",
			"vertices"      : 24,
			"faces"         : 26,
			"normals"       : 24,
			"colors"        : 0,
			"uvs"           : [],
			"materials"     : 1,
			"morphTargets"  : 0,
			"bones"         : 0
		},

			"scale" : 1.000000,
			
			"vertices" : [16.5968,2.03851,-0.740244,16.5968,2.02758,-0.71748,16.6168,2.02758,-0.740244,7.65176,2.02758,-0.740244,7.67176,2.02758,-0.71748,7.67176,2.03851,-0.740244,16.6168,2.02758,-2.97115,16.5968,2.02758,-2.99392,16.5968,2.03851,-2.97115,7.67176,2.03851,-2.97115,7.67176,2.02758,-2.99392,7.65176,2.02758,-2.97115,16.6168,1.86305,-0.740244,16.5968,1.86305,-0.71748,16.5968,1.85212,-0.740244,7.67176,1.85212,-0.740244,7.67176,1.86305,-0.71748,7.65176,1.86305,-0.740244,16.5968,1.85212,-2.97115,16.5968,1.86305,-2.99392,16.6168,1.86305,-2.97115,7.65176,1.86305,-2.97115,7.67176,1.86305,-2.99392,7.67176,1.85212,-2.97115],
			"faces"    : [35,2,12,20,6,0,0,1,2,3,35,11,21,17,3,0,4,5,6,7,35,7,19,22,10,0,8,9,10,11,35,15,23,18,14,0,12,13,14,15,35,5,0,8,9,0,16,17,18,19,34,0,1,2,0,17,20,0,34,3,4,5,0,7,21,16,34,6,7,8,0,3,8,18,34,9,10,11,0,19,11,4,34,12,13,14,0,1,22,15,34,15,16,17,0,12,23,6,34,18,19,20,0,14,9,2,34,21,22,23,0,5,10,13,35,0,5,4,1,0,17,16,21,20,35,7,10,9,8,0,8,11,19,18,35,11,3,5,9,0,4,7,16,19,35,8,0,2,6,0,18,17,0,3,35,13,16,15,14,0,22,23,12,15,35,18,23,22,19,0,14,13,10,9,35,23,15,17,21,0,13,12,6,5,35,14,18,20,12,0,15,14,2,1,35,12,2,1,13,0,1,0,20,22,35,6,20,19,7,0,3,2,9,8,35,21,11,10,22,0,5,4,11,10,35,3,17,16,4,0,7,6,23,21,35,4,16,13,1,0,21,23,22,20],
			"uvs"      : [],
			"normals"  : [0.836756,0.458083,0.299875,0.836756,-0.458083,0.299875,0.836756,-0.458083,-0.299875,0.836756,0.458083,-0.299875,-0.836787,0.458083,-0.299875,-0.836787,-0.458083,-0.299875,-0.836787,-0.458052,0.299875,-0.836787,0.458052,0.299875,0.347697,0.468978,-0.811884,0.347697,-0.468978,-0.811853,-0.347697,-0.468978,-0.811853,-0.347697,0.468947,-0.811853,-0.235298,-0.948973,0.209845,-0.235298,-0.948973,-0.209845,0.235267,-0.948973,-0.209845,0.235267,-0.948973,0.209845,-0.235298,0.948973,0.209845,0.235267,0.948973,0.209845,0.235267,0.948973,-0.209845,-0.235298,0.948973,-0.209845,0.347697,0.468978,0.811853,-0.347697,0.468947,0.811853,0.347697,-0.468978,0.811853,-0.347697,-0.468947,0.811853],
			
			"skinIndices"  : [],
			"skinWeights"  : [],
			"morphTargets" : [],
			
			"bones"      : [],
			"animations" : [],
			
			"colors"    : [],
			"materials" : [
				{
					"DbgColor": 15658734,
					"DbgIndex": 0,
					"DbgName": "Material.003",
					"blending": "NormalBlending",
					"colorAmbient": [0.0, 0.0, 0.0],
					"colorDiffuse": [0.0, 0.0, 0.0],
					"colorEmissive": [0.0, 0.0, 0.0],
					"colorSpecular": [0.29357799887657166, 0.29357799887657166, 0.29357799887657166],
					"depthTest": true,
					"depthWrite": true,
					"shading": "Lambert",
					"specularCoef": 267,
					"transparency": 1.0,
					"transparent": false,
					"vertexColors": false
				}
			]


	}
