	{

		"metadata": {
			"formatVersion" : 3.1,
			"generatedBy"   : "Blender 2.7 Exporter",
			"vertices"      : 32,
			"faces"         : 28,
			"normals"       : 0,
			"colors"        : 0,
			"uvs"           : [],
			"materials"     : 1,
			"morphTargets"  : 0,
			"bones"         : 0
		},

			"scale" : 1.000000,
			
			"vertices" : [9.56163,-0.0403913,-6.13511,2.78359,-0.0403913,-6.13511,9.56163,-0.0403914,-8.14502,2.78359,-0.0403914,-8.14502,9.56163,2.1541,-6.13511,2.78359,2.1541,-6.13511,9.56163,2.1541,-8.14502,2.78359,2.1541,-8.14502,4.64432,-0.0403913,-6.13511,4.64432,-0.0403914,-8.14502,4.64432,2.1541,-6.13511,4.64432,2.1541,-8.14502,2.78359,-0.0403912,-4.05628,2.78359,2.1541,-4.05628,4.64432,-0.0403912,-4.05628,4.64432,2.1541,-4.05628,11.4814,2.03851,-6.00184,2.66651,2.03851,-6.00184,11.4814,2.03851,-8.27828,2.66651,2.03851,-8.27828,11.4814,2.26386,-6.00184,2.66651,2.26386,-6.00184,11.4814,2.26386,-8.27828,2.66651,2.26386,-8.27828,4.77398,2.03851,-6.00184,4.77398,2.03851,-8.27828,4.77398,2.26386,-6.00184,4.77398,2.26386,-8.27828,2.66651,2.03851,-3.64736,2.66651,2.26386,-3.64736,4.77398,2.03851,-3.64736,4.77398,2.26386,-3.64736],
			"faces"    : [3,2,0,8,9,0,3,10,4,6,11,0,3,0,2,6,4,0,3,3,1,5,7,0,3,9,3,7,11,0,3,8,0,4,10,0,3,1,3,9,8,0,3,5,10,11,7,0,3,2,9,11,6,0,3,8,10,15,14,0,3,12,14,15,13,0,3,5,1,12,13,0,3,10,5,13,15,0,3,1,8,14,12,0,3,24,25,18,16,0,3,26,20,22,27,0,3,16,18,22,20,0,3,19,17,21,23,0,3,25,19,23,27,0,3,24,16,20,26,0,3,17,19,25,24,0,3,21,26,27,23,0,3,18,25,27,22,0,3,24,26,31,30,0,3,28,30,31,29,0,3,21,17,28,29,0,3,26,21,29,31,0,3,17,24,30,28,0],
			"uvs"      : [],
			"normals"  : [],
			
			"skinIndices"  : [],
			"skinWeights"  : [],
			"morphTargets" : [],
			
			"bones"      : [],
			"animations" : [],
			
			"colors"    : [],
			"materials" : [
				{
					"DbgColor": 15658734,
					"DbgIndex": 0,
					"DbgName": "MesadaJS",
					"blending": "NoBlending",
					"colorAmbient": [0.800000011920929, 0.800000011920929, 0.800000011920929],
					"colorDiffuse": [0.800000011920929, 0.800000011920929, 0.800000011920929],
					"colorEmissive": [0.0, 0.0, 0.0],
					"colorSpecular": [0.5, 0.5, 0.5],
					"depthTest": true,
					"depthWrite": true,
					"shading": "Phong",
					"specularCoef": 121,
					"transparency": 1.0,
					"transparent": false,
					"vertexColors": false
				}
			]


	}
