	{

		"metadata": {
			"formatVersion" : 3.1,
			"generatedBy"   : "Blender 2.7 Exporter",
			"vertices"      : 40,
			"faces"         : 30,
			"normals"       : 20,
			"colors"        : 0,
			"uvs"           : [68],
			"materials"     : 1,
			"morphTargets"  : 0,
			"bones"         : 0
		},

			"scale" : 1.000000,
			
			"vertices" : [6.07328,-0.660833,-22.8976,6.14125,-0.660833,-22.9655,7.58002,-0.660833,-21.5268,7.51205,-0.660833,-21.4588,6.07328,2.03919,-22.8976,6.14125,2.03919,-22.9655,7.58002,2.03919,-21.5268,7.51205,2.03919,-21.4588,7.51205,-0.660833,-22.9655,7.58002,-0.660833,-22.8976,6.14125,-0.660833,-21.4588,6.07328,-0.660833,-21.5268,7.51205,2.03919,-22.9655,7.58002,2.03919,-22.8976,6.14125,2.03919,-21.4588,6.07328,2.03919,-21.5268,2.29802,-0.660833,-22.9655,2.366,-0.660833,-22.8976,0.927224,-0.660833,-21.4588,0.859252,-0.660833,-21.5268,2.29802,2.03919,-22.9655,2.366,2.03919,-22.8976,0.927224,2.03919,-21.4588,0.859252,2.03919,-21.5268,0.859252,-0.660833,-22.8976,0.927224,-0.660833,-22.9655,2.366,-0.660833,-21.5268,2.29802,-0.660833,-21.4588,0.859252,2.03919,-22.8976,0.927224,2.03919,-22.9655,2.366,2.03919,-21.5268,2.29802,2.03919,-21.4588,-1.20291,2.01228,-20.5149,-1.20291,2.01228,-23.9552,9.43559,2.01228,-23.9552,9.43558,2.01228,-20.5149,-1.20291,2.16557,-20.5149,-1.20291,2.16557,-23.9552,9.43559,2.16557,-23.9552,9.43558,2.16557,-20.5149],
			"faces"    : [43,1,0,4,5,0,0,1,2,3,0,1,2,3,43,5,6,2,1,0,1,0,4,5,3,4,5,0,43,6,7,3,2,0,6,7,8,9,4,6,7,5,43,0,3,7,4,0,10,5,4,6,1,7,6,2,43,0,1,2,3,0,11,12,13,14,1,0,5,7,43,7,6,5,4,0,3,2,15,16,6,4,3,2,43,12,13,9,8,0,17,1,5,18,3,8,9,0,43,13,14,10,9,0,19,20,21,22,8,6,7,9,43,14,15,11,10,0,23,2,1,17,6,10,11,7,43,15,12,8,11,0,24,25,26,27,10,3,0,11,43,8,9,10,11,0,28,29,30,31,0,9,7,11,43,15,14,13,12,0,32,28,31,33,10,6,8,3,43,20,21,17,16,0,34,35,36,8,3,8,9,0,43,21,22,18,17,0,22,21,37,38,8,6,7,9,43,22,23,19,18,0,10,39,18,5,6,2,1,7,43,23,20,16,19,0,27,26,20,19,2,3,0,1,43,16,17,18,19,0,29,40,41,30,0,9,7,1,43,23,22,21,20,0,40,42,43,41,2,6,8,3,43,28,29,25,24,0,44,45,14,13,2,3,0,11,43,29,30,26,25,0,33,34,8,7,3,8,9,0,43,30,31,27,26,0,46,44,13,47,8,6,7,9,43,31,28,24,27,0,48,49,50,51,6,2,11,7,43,24,25,26,27,0,48,16,15,49,11,0,9,7,43,31,30,29,28,0,50,12,11,51,6,8,3,2,43,36,37,33,32,0,43,52,53,54,12,13,14,15,43,37,38,34,33,0,52,55,56,53,13,16,17,14,43,38,39,35,34,0,54,57,58,24,16,18,19,17,43,39,36,32,35,0,57,56,59,58,18,12,15,19,43,32,33,34,35,0,60,61,62,63,15,14,17,19,43,39,38,37,36,0,64,65,66,67,18,16,13,12],
			"uvs"      : [[0.819488,0.361025,0.909744,0.361025,0.909744,0.451282,0.819488,0.451282,0.819488,0.270769,0.909744,0.270769,0.819488,0.180513,0.819488,0.090257,0.909744,0.090257,0.909745,0.180513,0.909744,0.180513,0.819488,0.812307,0.909744,0.812307,0.909744,0.902563,0.819488,0.902563,0.909744,0.541538,0.819488,0.541538,0.914008,0.361025,0.914008,0.270769,0.61167,0,0.61167,0.181916,0.521414,0.181916,0.521414,0,0.914008,0.451282,0.792183,0,0.792183,0.181916,0.701926,0.181916,0.701926,0,0.815224,0.181916,0.81096,0.181916,0.81096,0,0.815224,0,0.819488,0.181916,0.819488,0,0.909744,0,0.914008,0,0.914008,0.090257,0.431157,0.181916,0.431157,0,0.914008,0.180513,0.806696,0.181916,0.806696,0,0.802432,0.181916,0.802432,0,0.909744,0.992819,0.819488,0.992819,1,0.992819,1,0.902563,0.819488,0.631794,0.909744,0.631794,0.909744,0.72205,0.819488,0.72205,0.802432,0.555574,0.797308,0.555574,0.797308,0,0.802432,0.993554,0.797307,0.993554,0.797307,0.555574,0.792183,0.555574,0.792183,0.993554,0,0,0.215578,0.547937,0.215579,0.993794,1e-06,0.777259,0.215579,0.547936,0.431156,0,0.431157,0.777258,0.21558,0.993794]],
			"normals"  : [0,-0.577349,-0.816492,-0.816492,-0.577349,0,-0.816492,0.577349,0,0,0.577349,-0.816492,0.816492,0.577319,0,0.816492,-0.577319,0,0,0.577349,0.816492,0,-0.577349,0.816492,0.816492,0.577349,0,0.816492,-0.577349,0,-0.816492,0.577319,0,-0.816492,-0.577319,0,-0.577349,0.577349,0.577349,-0.577349,0.577349,-0.577349,-0.577349,-0.577349,-0.577349,-0.577349,-0.577349,0.577349,0.577349,0.577349,-0.577349,0.577349,-0.577349,-0.577349,0.577349,0.577349,0.577349,0.577349,-0.577349,0.577349],
			
			"skinIndices"  : [],
			"skinWeights"  : [],
			"morphTargets" : [],
			
			"bones"      : [],
			"animations" : [],
			
			"colors"    : [],
			"materials" : [
				{
					"DbgColor": 15658734,
					"DbgIndex": 0,
					"DbgName": "MesaJS",
					"blending": "NormalBlending",
					"colorAmbient": [0.6400000190734865, 0.6400000190734865, 0.6400000190734865],
					"colorDiffuse": [0.6400000190734865, 0.6400000190734865, 0.6400000190734865],
					"colorEmissive": [0.0, 0.0, 0.0],
					"colorSpecular": [0.5, 0.5, 0.5],
					"depthTest": true,
					"depthWrite": true,
					"mapBump": "mesa_principal_normal.jpg",
					"mapBumpScale": 0.10000000149011612,
					"mapBumpWrap": ["repeat", "repeat"],
					"mapDiffuse": "mesa_principal_diff.png",
					"mapDiffuseWrap": ["repeat", "repeat"],
					"mapSpecular": "mesa_principal_spec.jpg",
					"mapSpecularWrap": ["repeat", "repeat"],
					"shading": "Lambert",
					"specularCoef": 50,
					"transparency": 1.0,
					"transparent": false,
					"vertexColors": false
				}
			]


	}
