	{

		"metadata": {
			"formatVersion" : 3.1,
			"generatedBy"   : "Blender 2.7 Exporter",
			"vertices"      : 32,
			"faces"         : 28,
			"normals"       : 14,
			"colors"        : 0,
			"uvs"           : [69],
			"materials"     : 1,
			"morphTargets"  : 0,
			"bones"         : 0
		},

			"scale" : 1.000000,

			"vertices" : [16.6412,10.7798,-29.6214,-13.1335,10.8997,-29.7998,16.6412,10.7798,-8.49008,-13.1335,10.8997,-17.2029,16.6412,-0.779999,-29.6214,16.6412,-0.779998,-8.49008,-13.1335,-1.10905,-29.7998,-13.1335,-1.10905,-17.2029,-13.1335,10.8997,10.1324,-13.1335,-1.10905,10.1324,-2.79146,10.8997,10.1324,-2.79146,-1.10905,10.1324,16.8695,10.7798,-29.6214,-12.9052,10.8997,-29.7998,16.8695,10.7798,-8.49008,-12.9052,10.8997,-17.2029,16.8695,-0.779999,-29.6214,16.8695,-0.779998,-8.49008,-12.9052,-1.10905,-29.7998,-12.9052,-1.10905,-17.2029,-12.9052,10.8997,9.90405,-12.9052,-1.10905,9.90405,-2.79146,10.8997,9.90404,-2.79146,-1.10905,9.90404,-13.1335,10.8997,-3.53525,-13.1335,-1.10905,-3.53525,-12.9052,10.8997,-3.64941,-12.9052,-1.10905,-3.64941,16.6412,10.7798,-19.0557,16.6412,-0.779998,-19.0557,16.8695,10.7798,-19.0557,16.8695,-0.779998,-19.0557],
			"faces"    : [43,28,0,4,29,0,0,1,2,3,0,1,2,3,43,3,1,6,7,0,4,5,6,7,0,1,2,3,43,24,25,9,8,0,8,9,10,11,0,3,4,5,43,8,9,11,10,0,12,13,14,15,5,4,6,7,43,31,16,12,30,0,16,17,18,19,8,9,10,11,43,19,18,13,15,0,20,11,21,22,8,9,10,11,43,26,27,19,15,0,23,24,20,22,11,8,8,11,43,22,23,21,20,0,25,26,27,28,10,9,12,13,43,28,2,14,30,0,29,17,30,31,0,5,7,11,43,1,3,15,13,0,32,33,34,28,1,0,11,10,43,29,4,16,31,0,35,36,37,38,3,2,9,8,43,2,5,17,14,0,39,40,41,42,5,4,6,7,43,4,0,12,16,0,43,44,42,41,2,1,10,9,43,7,6,18,19,0,45,46,47,48,3,2,9,8,43,6,1,13,18,0,15,14,49,43,2,1,10,9,43,24,8,20,26,0,50,51,52,53,0,5,13,11,43,25,7,19,27,0,54,45,48,55,3,3,8,8,43,10,11,23,22,0,1,56,57,58,7,6,9,10,43,8,10,22,20,0,51,6,59,52,5,7,10,13,43,11,9,21,23,0,21,2,60,61,6,4,12,9,43,3,7,25,24,0,4,7,9,8,0,3,3,0,43,20,21,27,26,0,62,63,24,23,13,12,8,11,43,3,24,26,15,0,33,50,53,34,0,0,11,11,43,9,25,27,21,0,2,54,55,60,4,3,8,12,43,2,28,29,5,0,64,0,3,36,5,0,3,4,43,17,31,30,14,0,12,16,19,46,6,8,11,7,43,0,28,30,12,0,65,29,31,66,1,0,11,10,43,5,29,31,17,0,67,35,38,68,4,3,8,6],
			"uvs"      : [[0.803651,0.203749,0.611455,0.203749,0.611455,0,0.803651,0,0.211664,0.497245,0.211664,0.726392,0,0.726392,0,0.497245,0.211664,0.248623,0,0.248623,0,0,0.211664,0,0.611455,0.522643,0.611455,0.310979,0.799583,0.310979,0.799583,0.522643,0.803651,0.522643,0.995847,0.522643,0.995847,0.726392,0.803651,0.726392,0.211664,0.229147,0.423327,0,0.423327,0.229147,0.423327,0.475693,0.211664,0.475693,0.726392,0.726392,0.938056,0.726392,0.938056,0.910367,0.726392,0.910367,0.995847,0.714839,1,0.522643,1,0.714839,0.726392,0.91452,0.497245,0.91452,0.497245,0.910367,0.995847,0.192196,0.995847,0,1,0,1,0.192196,0.812043,0.318894,0.812043,0.522643,0.80789,0.522643,0.80789,0.318894,0.803736,0.522643,0.803736,0.318894,0.611455,0.497245,0.611455,0.726392,0.607302,0.726392,0.607302,0.497245,0.803736,0.310979,0.248623,0.91452,0,0.91452,0.004153,0.910367,0.250699,0.910367,0.611455,0.248623,0.607302,0.250699,0.823119,0.203749,0.823119,0.207902,0.611455,0.207902,0.004153,0.726392,0.607302,0.004153,0.423327,0.004153,0.423327,0.722239,0.211664,0.722239,0.995847,0.203749,0.995847,0.907035,1,0.907035,0.995847,0.384391,1,0.384391]],
			"normals"  : [-0.707083,0.707083,0,-0.577349,0.577349,-0.577349,-0.577349,-0.577349,-0.577349,-0.707083,-0.707083,0,-0.577349,-0.577349,0.577349,-0.577349,0.577349,0.577349,0.577349,-0.577349,0.577349,0.577349,0.577349,0.577349,0.707083,-0.707083,0,0.577349,-0.577349,-0.577349,0.577349,0.577349,-0.577349,0.707083,0.707083,0,0.301492,-0.904508,-0.301492,0.301492,0.904508,-0.301492],

			"skinIndices"  : [],
			"skinWeights"  : [],
			"morphTargets" : [],

			"bones"      : [],
			"animations" : [],

			"colors"    : [],
			"materials" : [
				{
					"DbgColor": 15658734,
					"DbgIndex": 0,
					"DbgName": "Material.005",
					"blending": "NormalBlending",
					"colorAmbient": [0.7999859452245524, 0.7999859452245524, 0.7999859452245524],
					"colorDiffuse": [0.7999859452245524, 0.7999859452245524, 0.7999859452245524],
					"colorEmissive": [0.0, 0.0, 0.0],
					"colorSpecular": [0.0, 0.0, 0.0],
					"depthTest": true,
					"depthWrite": true,
					"mapBump": "pared_normal.jpg",
					"mapBumpRepeat": [10, 10],
					"mapBumpScale": 0.050000000149011612,
					"mapBumpWrap": ["mirror", "mirror"],
					"shading": "Phong",
					"specularCoef": 50,
					"transparency": 1.0,
					"transparent": false,
					"vertexColors": false
				}
			]


	}
