	{

		"metadata": {
			"formatVersion" : 3.1,
			"generatedBy"   : "Blender 2.7 Exporter",
			"vertices"      : 36,
			"faces"         : 34,
			"normals"       : 22,
			"colors"        : 0,
			"uvs"           : [70],
			"materials"     : 1,
			"morphTargets"  : 0,
			"bones"         : 0
		},

			"scale" : 1.000000,

			"vertices" : [-2.69536,11.0739,9.85211,-2.69536,-1.30521,9.85211,-2.69536,11.0739,29.7768,-2.69536,-1.3052,29.7768,16.8576,11.0739,29.7768,16.8576,-1.3052,29.7768,16.8576,11.0739,10.8116,16.8576,-1.30521,10.8116,-2.37992,11.0739,9.85211,-2.37992,-1.30521,9.85211,-2.37994,11.0739,29.4614,-2.37994,-1.3052,29.4614,16.5422,11.0739,29.4614,16.5422,-1.3052,29.4614,16.5422,11.0739,10.8116,16.5422,-1.30521,10.8116,-2.69536,11.0739,20.0345,-2.69536,-1.3052,20.0345,-2.37993,11.0739,19.8768,-2.37993,-1.3052,19.8768,16.8576,11.0739,20.2942,16.8576,-1.3052,20.2942,16.5422,11.0739,20.1365,16.5422,-1.3052,20.1365,7.08113,11.0739,29.7768,7.08113,-1.3052,29.7768,7.08113,11.0739,29.4614,7.08113,-1.3052,29.4614,-2.69536,11.0739,10.2991,-2.37992,11.0739,10.2922,-2.69536,-1.30521,10.2991,-2.37992,-1.30521,10.2922,-2.9641,11.0739,9.85211,-2.9641,-1.30521,9.85211,-2.9641,11.0739,10.2991,-2.9641,-1.30521,10.2991],
			"faces"    : [43,16,17,3,2,0,0,1,2,3,0,1,2,3,43,24,25,5,4,0,4,5,2,6,4,5,6,7,43,20,21,7,6,0,7,8,3,9,8,9,10,11,43,29,31,9,8,0,10,11,6,12,8,9,10,11,43,26,27,11,10,0,13,14,15,16,12,13,14,15,43,22,23,13,12,0,17,18,9,19,0,1,16,17,43,1,0,8,9,0,20,21,22,23,13,12,11,10,43,16,2,10,18,0,24,25,26,27,0,3,15,8,43,30,1,9,31,0,28,29,30,31,18,13,10,9,43,24,4,12,26,0,32,33,34,35,4,7,17,12,43,25,3,11,27,0,36,16,37,38,5,2,14,13,43,6,7,15,14,0,39,40,41,42,11,10,19,20,43,20,6,14,22,0,43,44,45,46,8,11,20,0,43,21,5,13,23,0,47,48,49,50,9,6,16,1,43,28,30,17,16,0,51,52,1,0,21,18,1,0,43,10,11,19,18,0,53,54,55,56,15,14,9,8,43,28,16,18,29,0,57,24,27,58,21,0,8,8,43,3,17,19,11,0,16,59,60,37,2,1,9,14,43,4,5,21,20,0,61,62,8,7,7,6,9,8,43,14,15,23,22,0,63,42,18,17,20,19,1,0,43,4,20,22,12,0,33,43,46,34,7,8,0,17,43,7,21,23,15,0,64,47,50,65,10,9,1,19,43,2,3,25,24,0,23,25,5,4,3,2,5,4,43,12,13,27,26,0,66,67,14,13,17,16,13,12,43,2,24,26,10,0,25,32,35,26,3,4,12,15,43,5,25,27,13,0,48,36,38,49,6,5,13,16,43,18,19,31,29,0,56,55,11,10,8,9,9,8,43,17,30,31,19,0,59,28,31,60,1,18,9,9,43,30,28,34,35,0,52,51,51,52,18,21,3,2,43,0,28,29,8,0,29,57,58,30,12,21,8,11,43,32,33,35,34,0,68,69,52,51,20,19,2,3,43,1,30,35,33,0,29,28,28,29,13,18,2,19,43,28,0,32,34,0,57,29,29,57,21,12,20,3,43,0,1,33,32,0,21,20,20,21,12,13,19,20],
			"uvs"      : [[0.572687,0.537919,0.35903,0.537919,0.35903,0.35903,0.572687,0.35903,0.179515,0.572687,0.179515,0.35903,0.35903,0.572687,0.786343,0.533149,0.572687,0.533149,0.786343,0.35903,0.271034,0.786343,0.271034,0.572687,0.35903,0.786343,0.715554,0.185307,0.929211,0.185307,0.929211,0.35903,0.715554,0.35903,1,0.530254,0.786343,0.530254,1,0.35903,0.005792,0.572687,0.005792,0.786343,0,0.786343,0,0.572687,0.178889,0.35903,0,0.35903,0.005792,0.353238,0.181785,0.353238,0.447222,0.35903,0.357777,0.35903,0.357777,0.353238,0.445774,0.353238,0,0.179515,0,0,0.005792,0.005792,0.005792,0.179515,0.715554,0.179515,0.709763,0.353238,0.709763,0.179515,0.792135,0.701477,0.792135,0.915134,0.786343,0.915134,0.786343,0.701477,0.174119,0,0.348239,0,0.348239,0.005792,0.177015,0.005792,0.541435,0,0.715554,0,0.709763,0.005792,0.538539,0.005792,0.572687,0.627363,0.35903,0.627363,0.007045,0.786343,0.007045,0.572687,0.183037,0.572687,0.183037,0.786343,0.268333,0.35903,0.269781,0.353238,0.536666,0.35903,0.53377,0.353238,0.786343,0.707269,0.572687,0.707269,1,0.701477,0.367316,0,0.367316,0.005792,0.715554,0.011583,0.929211,0.011583,0.572687,0.716807,0.35903,0.716807]],
			"normals"  : [-0.707083,0.707083,0,-0.707083,-0.707083,0,-0.577349,-0.577349,0.577349,-0.577349,0.577349,0.577349,0,0.707083,0.707083,0,-0.707083,0.707083,0.577349,-0.577349,0.577349,0.577349,0.577349,0.577349,0.707083,0.707083,0,0.707083,-0.707083,0,0.577349,-0.577349,-0.577349,0.577349,0.577349,-0.577349,0,0.707083,-0.707083,0,-0.707083,-0.707083,0.301492,-0.904508,-0.301492,0.301492,0.904508,-0.301492,-0.301492,-0.904508,-0.301492,-0.301492,0.904508,-0.301492,-0.301492,-0.904508,0.301492,-0.577349,-0.577349,-0.577349,-0.577349,0.577349,-0.577349,-0.301492,0.904508,0.301492],

			"skinIndices"  : [],
			"skinWeights"  : [],
			"morphTargets" : [],

			"bones"      : [],
			"animations" : [],

			"colors"    : [],
			"materials" : [
				{
					"DbgColor": 15658734,
					"DbgIndex": 0,
					"DbgName": "Material.006",
					"blending": "NormalBlending",
					"colorAmbient": [0.6400000190734865, 0.6400000190734865, 0.6400000190734865],
					"colorDiffuse": [0.6400000190734865, 0.6400000190734865, 0.6400000190734865],
					"colorEmissive": [0.0, 0.0, 0.0],
					"colorSpecular": [0.0, 0.0, 0.0],
					"depthTest": true,
					"depthWrite": true,
          "mapBumpRepeat": [5, 5],
          "mapBump": "pared_normal.jpg",
					"mapBumpScale": 0.050000000149011612,
					"shading": "Phong",
					"specularCoef": 50,
					"transparency": 1.0,
					"transparent": false,
					"vertexColors": false
				}
			]


	}
