	{

		"metadata": {
			"formatVersion" : 3.1,
			"generatedBy"   : "Blender 2.7 Exporter",
			"vertices"      : 25,
			"faces"         : 16,
			"normals"       : 1,
			"colors"        : 0,
			"uvs"           : [25],
			"materials"     : 1,
			"morphTargets"  : 0,
			"bones"         : 0
		},

			"scale" : 1.000000,

			"vertices" : [16.8986,0.0274051,30.448,-12.9016,0.0274051,30.448,16.8986,0.0274025,-29.8304,-12.9016,0.0274025,-29.8304,1.99852,0.0274051,30.448,1.99852,0.0274025,-29.8304,-12.9016,0.0274038,0.308769,16.8986,0.0274038,0.308769,1.99852,0.0274038,0.308769,-5.45154,0.0274051,30.448,-5.45154,0.0274025,-29.8304,-12.9016,0.0274044,15.3784,16.8986,0.0274031,-14.7608,9.44857,0.0274051,30.448,9.44857,0.0274025,-29.8304,-12.9016,0.0274031,-14.7608,16.8986,0.0274044,15.3784,1.99852,0.0274031,-14.7608,1.99852,0.0274044,15.3784,-5.45154,0.0274038,0.308769,9.44857,0.0274038,0.308769,9.44857,0.0274031,-14.7608,-5.45154,0.0274031,-14.7608,-5.45154,0.0274044,15.3784,9.44857,0.0274044,15.3784],
			"faces"    : [43,21,12,2,14,0,0,1,2,3,0,0,0,0,43,22,17,5,10,0,4,5,6,7,0,0,0,0,43,23,18,8,19,0,8,9,10,11,0,0,0,0,43,24,16,7,20,0,12,13,14,15,0,0,0,0,43,17,21,14,5,0,5,0,3,6,0,0,0,0,43,8,20,21,17,0,10,15,0,5,0,0,0,0,43,20,7,12,21,0,15,14,1,0,0,0,0,0,43,15,22,10,3,0,16,4,7,17,0,0,0,0,43,6,19,22,15,0,18,11,4,16,0,0,0,0,43,19,8,17,22,0,11,10,5,4,0,0,0,0,43,11,23,19,6,0,19,8,11,18,0,0,0,0,43,1,9,23,11,0,20,21,8,19,0,0,0,0,43,9,4,18,23,0,21,22,9,8,0,0,0,0,43,18,24,20,8,0,9,12,15,10,0,0,0,0,43,4,13,24,18,0,22,23,12,9,0,0,0,0,43,13,0,16,24,0,23,24,13,12,0,0,0,0],
			"uvs"      : [[0.25,0.255015,0,0.255015,0,0.005742,0.25,0.005742,0.75,0.255015,0.5,0.255015,0.5,0.005742,0.75,0.005742,0.75,0.753561,0.5,0.753561,0.5,0.504288,0.75,0.504288,0.25,0.753561,0,0.753561,0,0.504288,0.25,0.504288,1,0.255015,1,0.005742,1,0.504288,1,0.753561,1,1.00283,0.75,1.00283,0.5,1.00283,0.25,1.00283,0,1.00283]],
			"normals"  : [0,1,0],

			"skinIndices"  : [],
			"skinWeights"  : [],
			"morphTargets" : [],

			"bones"      : [],
			"animations" : [],

			"colors"    : [],
			"materials" : [
				{
					"DbgColor": 15658734,
					"DbgIndex": 0,
					"DbgName": "Material.009",
					"blending": "NormalBlending",
					"colorAmbient": [0.6400000190734865, 0.6400000190734865, 0.6400000190734865],
					"colorDiffuse": [0.6400000190734865, 0.6400000190734865, 0.6400000190734865],
					"colorEmissive": [0.0, 0.0, 0.0],
					"colorSpecular": [0.5, 0.5, 0.5],
					"depthTest": true,
					"depthWrite": true,
					"mapBump": "suelo_normal.jpg",
					"mapBumpRepeat": [22, 32],
					"mapBumpScale": -0.0215,
					"mapBumpWrap": ["repeat", "repeat"],
					"mapDiffuse": "suelo_diff.jpg",
					"mapDiffuseRepeat": [22, 32],
					"mapDiffuseWrap": ["repeat", "repeat"],
					"mapSpecular": "suelo_spec.jpg",
					"mapSpecularRepeat": [22, 32],
					"mapSpecularWrap": ["repeat", "repeat"],
					"shading": "Phong",
					"specularCoef": 50,
					"transparency": 1.0,
					"transparent": false,
					"vertexColors": false
				}
			]


	}
