	{

		"metadata": {
			"formatVersion" : 3.1,
			"generatedBy"   : "Blender 2.7 Exporter",
			"vertices"      : 208,
			"faces"         : 220,
			"normals"       : 176,
			"colors"        : 0,
			"uvs"           : [],
			"materials"     : 1,
			"morphTargets"  : 0,
			"bones"         : 0
		},

			"scale" : 1.000000,
			
			"vertices" : [13.6503,2.71872,-16.2987,13.6823,2.71872,-16.374,13.6947,2.77106,-16.3243,13.7334,-0.337074,-11.5208,13.733,-0.389421,-11.5654,13.6438,-0.389421,-11.5654,13.6442,-0.337074,-11.5208,14.5362,-0.389421,-11.5654,14.5362,-0.337074,-11.5208,14.5808,-0.337074,-11.5654,14.5362,-0.389422,-17.1238,14.5808,-0.337075,-17.1831,14.5485,-0.337075,-17.197,13.6187,-0.337075,-16.3116,13.6062,-0.389422,-16.2355,13.6947,-0.389422,-16.3243,13.6823,-0.337075,-16.374,14.5485,2.71872,-17.197,14.5808,2.71872,-17.1831,14.5362,2.77106,-17.1238,14.5808,2.71872,-11.5654,14.5362,2.71872,-11.5208,14.5362,2.77106,-11.5654,13.7334,2.71872,-11.5208,13.6884,2.71872,-11.5654,13.733,2.77106,-11.5654,14.5362,1.12952,-11.5208,14.5362,1.23421,-11.5208,14.5808,1.23421,-11.5654,14.5808,1.12952,-11.5654,13.7334,1.12952,-11.5208,13.6442,1.12952,-11.5208,13.6438,1.18187,-11.5654,13.6884,1.23421,-11.5654,13.7334,1.23421,-11.5208,14.5808,1.23421,-17.1831,14.5485,1.23421,-17.197,14.5485,1.12952,-17.197,14.5808,1.12952,-17.1831,13.6062,1.18187,-16.2355,13.6187,1.12952,-16.3116,13.6823,1.12952,-16.374,13.6823,1.23421,-16.374,13.6503,1.23421,-16.2987,11.6623,-0.337074,-11.5654,11.7069,-0.337074,-11.5208,11.7069,-0.389421,-11.5654,11.6623,-0.337075,-14.2831,11.7069,-0.389422,-14.3094,11.6936,-0.337075,-14.3595,11.7069,1.18187,-11.5654,11.7069,1.12952,-11.5208,11.6623,1.12952,-11.5654,11.6623,1.12952,-14.2831,11.6936,1.12952,-14.3595,11.7069,1.18187,-14.3094,13.6303,2.70695,-16.4008,13.7071,2.70695,-16.4317,13.6569,2.7593,-16.4454,7.65775,-0.292598,-16.3538,7.65775,-0.292598,-16.4431,7.74331,-0.313334,-16.4454,7.74331,-0.313334,-16.3562,7.74331,-0.313334,-17.2153,7.65775,-0.292598,-17.1985,7.65666,-0.235538,-17.245,7.74331,-0.260987,-17.2599,14.4568,-0.313334,-17.2153,14.5228,-0.260986,-17.2599,14.5353,-0.260986,-17.229,13.6436,-0.260986,-16.369,13.5683,-0.313334,-16.3562,13.6569,-0.313334,-16.4454,13.7071,-0.260986,-16.4317,14.5353,2.70695,-17.229,14.5228,2.70695,-17.2599,14.4568,2.7593,-17.2153,7.74331,2.70695,-17.2599,7.65666,2.66766,-17.245,7.66089,2.73153,-17.1999,7.74331,2.7593,-17.2153,7.65418,2.66489,-16.3982,7.74331,2.70695,-16.4008,7.74331,2.7593,-16.4454,7.66089,2.73153,-16.4433,7.65666,1.14695,-17.245,7.65666,1.25165,-17.245,7.74331,1.25236,-17.2599,7.74331,1.14766,-17.2599,7.74331,1.25236,-16.4008,7.65418,1.25161,-16.3982,7.65411,1.19926,-16.3536,7.74331,1.20001,-16.3562,14.5228,1.25236,-17.2599,14.5353,1.25236,-17.229,14.5353,1.14766,-17.229,14.5228,1.14766,-17.2599,13.5683,1.20001,-16.3562,13.6436,1.14766,-16.369,13.7071,1.14766,-16.4317,13.7071,1.25236,-16.4317,13.6303,1.25236,-16.4008,7.66075,-0.238356,-14.4725,7.65775,-0.292598,-14.5256,7.7433,-0.313333,-14.4937,7.7433,-0.260986,-14.449,11.7056,-0.260986,-14.449,11.7316,-0.313333,-14.4937,11.7815,-0.260986,-14.4808,7.65411,1.19926,-14.529,7.66075,1.14702,-14.4725,7.7433,1.14766,-14.449,7.7433,1.20001,-14.4937,11.7056,1.14766,-14.449,11.7815,1.14766,-14.4808,11.7316,1.20001,-14.4937,7.62991,-0.2785,-16.4415,7.62991,-0.2785,-16.3522,7.54795,-0.278347,-16.3522,7.54795,-0.278347,-16.4415,7.62991,-0.2785,-17.1886,7.54795,-0.278347,-17.1886,7.54687,-0.222438,-17.2358,7.63099,-0.222541,-17.2359,7.63099,2.64882,-17.2359,7.54687,2.6487,-17.2358,7.55105,2.70631,-17.1878,7.62677,2.70648,-17.1879,7.62677,2.70648,-16.4413,7.55105,2.70631,-16.4413,7.54443,2.64956,-16.397,7.63348,2.6497,-16.397,7.54687,1.14651,-17.2358,7.54687,1.25121,-17.2358,7.63099,1.25122,-17.2359,7.63099,1.14652,-17.2359,7.63348,1.25126,-16.397,7.54443,1.25126,-16.397,7.54436,1.1989,-16.3524,7.63355,1.19891,-16.3524,7.54795,-0.278347,-14.5429,7.62991,-0.2785,-14.5428,7.6269,-0.221217,-14.4934,7.55091,-0.221137,-14.4935,7.54436,1.1989,-14.5418,7.55091,1.14644,-14.4935,7.6269,1.14645,-14.4934,7.63355,1.19891,-14.5417,7.51925,-0.292751,-16.4431,7.51925,-0.292751,-16.3538,7.43364,-0.313334,-16.3562,7.43364,-0.313334,-16.4454,7.51925,-0.292751,-17.1986,7.43364,-0.313334,-17.2153,7.43364,-0.260987,-17.2599,7.52032,-0.235765,-17.2451,7.52032,2.66802,-17.2451,7.43364,2.70695,-17.2599,7.43364,2.7593,-17.2153,7.51614,2.73171,-17.2001,7.51614,2.73171,-16.4433,7.43364,2.7593,-16.4454,7.43364,2.70695,-16.4008,7.52277,2.66532,-16.3983,7.43364,1.14766,-17.2599,7.43364,1.25236,-17.2599,7.52032,1.25166,-17.2451,7.52032,1.14696,-17.2451,7.52277,1.25162,-16.3983,7.43364,1.25236,-16.4008,7.43364,1.20001,-16.3562,7.52284,1.19927,-16.3536,7.43364,-0.313333,-14.4937,7.51925,-0.292751,-14.5253,7.51628,-0.23852,-14.4723,7.43364,-0.260986,-14.449,7.43364,1.20001,-14.4937,7.43364,1.14766,-14.449,7.51628,1.14702,-14.4723,7.52284,1.19927,-14.5286,1.95186,-0.313334,-16.4454,1.95186,-0.313334,-16.3562,1.90726,-0.260987,-16.3562,1.90726,-0.260987,-16.4454,1.95186,-0.260987,-17.2599,1.95186,-0.313334,-17.2153,1.90726,-0.260987,-17.2153,1.95186,2.7593,-17.2153,1.95186,2.70695,-17.2599,1.90726,2.70695,-17.2153,1.95186,2.70695,-16.4008,1.95186,2.7593,-16.4454,1.90726,2.70695,-16.4454,1.90726,1.25236,-17.2153,1.95186,1.25236,-17.2599,1.95186,1.14766,-17.2599,1.90726,1.14766,-17.2153,1.90726,1.14766,-16.4454,1.90726,1.14766,-16.3562,1.95186,1.20001,-16.3562,1.95186,1.25236,-16.4008,1.90726,1.25236,-16.4454,1.90726,-0.260986,-14.4936,1.95186,-0.313334,-14.4936,1.95186,-0.260986,-14.449,1.90726,1.14766,-14.4936,1.95186,1.14766,-14.449,1.95186,1.20001,-14.4936],