	{

		"metadata": {
			"formatVersion" : 3.1,
			"generatedBy"   : "Blender 2.7 Exporter",
			"vertices"      : 8,
			"faces"         : 6,
			"normals"       : 8,
			"colors"        : 0,
			"uvs"           : [],
			"materials"     : 1,
			"morphTargets"  : 0,
			"bones"         : 0
		},

			"scale" : 1.000000,
			
			"vertices" : [-16.8482,15.1625,-29.5874,-16.8482,15.1625,-30.1434,18.1985,15.1625,-30.1434,18.1985,15.1625,-29.5874,-16.8482,-1.02578,-29.5874,-16.8482,-1.02578,-30.1434,18.1985,-1.02578,-30.1434,18.1985,-1.02578,-29.5874],
			"faces"    : [35,1,0,4,5,0,0,1,2,3,35,5,6,2,1,0,3,4,5,0,35,6,7,3,2,0,4,6,7,5,35,0,3,7,4,0,1,7,6,2,35,0,1,2,3,0,1,0,5,7,35,7,6,5,4,0,6,4,3,2],
			"uvs"      : [],
			"normals"  : [0.577349,-0.577349,0.577349,0.577349,-0.577349,-0.577349,0.577349,0.577349,-0.577349,0.577349,0.577349,0.577349,-0.577349,0.577349,0.577349,-0.577349,-0.577349,0.577349,-0.577349,0.577349,-0.577349,-0.577349,-0.577349,-0.577349],
			
			"skinIndices"  : [],
			"skinWeights"  : [],
			"morphTargets" : [],
			
			"bones"      : [],
			"animations" : [],
			
			"colors"    : [],
			"materials" : [
				{
					"DbgColor": 15658734,
					"DbgIndex": 0,
					"DbgName": "Material.013",
					"blending": "NormalBlending",
					"colorAmbient": [0.0, 0.1197382944783314, 0.800000011920929],
					"colorDiffuse": [0.0, 0.1197382944783314, 0.800000011920929],
					"colorEmissive": [0.0, 0.0, 0.0],
					"colorSpecular": [0.5, 0.5, 0.5],
					"depthTest": true,
					"depthWrite": true,
					"shading": "Phong",
					"specularCoef": 50,
					"transparency": 0.12844038009643555,
					"transparent": true,
					"vertexColors": false
				}
			]


	}
