	{

		"metadata": {
			"formatVersion" : 3.1,
			"generatedBy"   : "Blender 2.7 Exporter",
			"vertices"      : 30,
			"faces"         : 25,
			"normals"       : 18,
			"colors"        : 0,
			"uvs"           : [24],
			"materials"     : 1,
			"morphTargets"  : 0,
			"bones"         : 0
		},

			"scale" : 1.000000,

			"vertices" : [-5.92883,2.36888,6.6683,-5.92883,2.36888,-6.01,6.74947,2.36888,-6.01,-2.91891,2.36888,-6.01,2.2283,2.36888,-6.01,-5.92883,6.78533,6.6683,-5.92883,6.78533,-6.01,6.74947,6.78533,-6.01,-2.91891,6.78533,-6.01,2.2283,6.78533,-6.01,-5.92883,4.5771,6.6683,-5.92883,4.5771,-6.01,6.74947,4.5771,-6.01,-2.91891,5.68538,-6.01,2.2283,5.68538,-6.01,-2.52038,3.70359,-6.01,1.82977,3.70359,-6.01,-2.52038,5.45893,-6.01,1.82977,5.45893,-6.01,-2.43745,3.79701,-5.90483,1.74684,3.79701,-5.90483,-2.43745,5.36551,-5.90483,1.74684,5.36551,-5.90483,-2.42344,3.75561,-6.01328,1.73284,3.75561,-6.01328,-2.42344,5.40691,-6.01328,1.73284,5.40691,-6.01328,6.74077,2.36888,6.69,6.74076,6.78533,6.69,6.74077,4.5771,6.69],
			"faces"    : [43,10,0,1,11,0,0,1,2,3,0,0,1,1,43,14,4,2,12,0,4,5,2,3,2,3,4,4,43,11,1,3,13,0,0,1,6,7,1,1,3,2,43,14,13,17,18,0,4,7,8,9,2,2,5,6,43,5,10,11,6,0,10,0,3,11,0,0,1,1,43,9,14,12,7,0,12,4,3,11,3,2,4,4,43,6,11,13,8,0,10,0,7,13,1,1,2,3,43,8,13,14,9,0,13,7,4,12,3,2,2,3,43,18,17,21,22,0,9,8,14,15,6,5,7,8,43,4,14,18,16,0,5,4,9,16,3,2,6,9,43,13,3,15,17,0,7,6,17,8,2,3,10,5,43,3,4,16,15,0,6,5,16,17,3,3,9,10,43,22,21,25,26,0,15,14,18,19,8,7,11,12,43,16,18,22,20,0,16,9,15,20,9,6,8,13,43,17,15,19,21,0,8,17,21,14,5,10,14,7,43,15,16,20,19,0,17,16,20,21,10,9,13,14,43,20,22,26,24,0,20,15,19,22,13,8,12,15,43,21,19,23,25,0,14,21,23,18,7,14,16,11,43,19,20,24,23,0,21,20,22,23,14,13,15,16,43,7,12,29,28,0,11,3,0,10,4,4,17,17,43,12,2,27,29,0,3,2,1,0,4,4,17,17,42,10,5,28,0,3,11,10,0,0,17,42,28,29,27,0,10,0,1,17,17,17,42,10,27,0,0,3,1,2,0,17,0,42,10,28,27,0,3,10,1,0,17,17],
			"uvs"      : [[0,0.5,0,0,1,0,1,0.5,0.643393,0.750943,0.643393,0,0.237408,0,0.237408,0.750943,0.268841,0.69967,0.611959,0.69967,0,1,1,1,0.643393,1,0.237408,1,0.275383,0.678516,0.605418,0.678516,0.611959,0.302213,0.268841,0.302213,0.276487,0.687891,0.604313,0.687891,0.605418,0.323367,0.275383,0.323367,0.604313,0.313992,0.276487,0.313992]],
			"normals"  : [0.707694,0,-0.706473,0.707083,0,0.707083,0,0,0.999969,0,0,1,-0.707327,0,0.706839,-0.123905,0.127323,0.984069,0.123905,0.127323,0.984069,0.082217,0.087069,0.992798,-0.082217,0.087069,0.992798,0.123905,-0.127323,0.984069,-0.123905,-0.127323,0.984069,0.589648,-0.77694,-0.220496,-0.589679,-0.77694,-0.220496,-0.082217,-0.087069,0.992798,0.082217,-0.087069,0.992798,-0.589648,0.77694,-0.220496,0.589648,0.77694,-0.220496,-0.706229,0,-0.707938],

			"skinIndices"  : [],
			"skinWeights"  : [],
			"morphTargets" : [],

			"bones"      : [],
			"animations" : [],

			"colors"    : [],
			"materials" : [
				{
					"DbgColor": 15658734,
					"DbgIndex": 0,
					"DbgName": "Material.007",
					"blending": "NormalBlending",
					"colorAmbient": [0.7874122262001038, 0.7874122262001038, 0.7874122262001038],
					"colorDiffuse": [0.7874122262001038, 0.7874122262001038, 0.7874122262001038],
					"colorEmissive": [0.0, 0.0, 0.0],
					"colorSpecular": [0.020000000596046452, 0.020000000596046452, 0.020000000596046452],
					"depthTest": true,
					"depthWrite": true,
          "mapDiffuse": "concret-diffuse.jpg",
          "mapDiffuseRepeat": [1, 1],
          "mapDiffuseScale": 1,
          "mapDiffuseWrap": ["repeat", "repeat"],
					"mapBump": "concret-normal.jpg",
					"mapBumpRepeat": [1, 1],
					"mapBumpScale": 0.01,
					"mapBumpWrap": ["repeat", "repeat"],
					"shading": "Phong",
					"specularCoef": 10,
					"transparency": 1.0,
					"transparent": false,
					"vertexColors": false
				}
			]


	}
