	{

		"metadata": {
			"formatVersion" : 3.1,
			"generatedBy"   : "Blender 2.7 Exporter",
			"vertices"      : 68,
			"faces"         : 45,
			"normals"       : 31,
			"colors"        : 0,
			"uvs"           : [180,180],
			"materials"     : 1,
			"morphTargets"  : 0,
			"bones"         : 0
		},

			"scale" : 1.000000,
			
			"vertices" : [-4.96995,1.11092,-1.48171,-4.98429,1.12527,-1.48215,-4.99863,1.11092,-1.48259,-4.98429,1.09658,-1.48215,-5.00389,1.11092,-1.54489,-5.01144,1.12527,-1.53269,-5.01899,1.11092,-1.5205,-5.01144,1.09658,-1.53269,-5.05052,1.11092,-1.54632,-5.0509,1.12527,-1.5339,-5.05128,1.11092,-1.52149,-5.0509,1.09658,-1.5339,-5.05433,1.11092,-1.42217,-5.05395,1.12527,-1.43458,-5.05357,1.11092,-1.447,-5.05395,1.09658,-1.43458,-5.0077,1.11092,-1.42074,-5.01449,1.12527,-1.43337,-5.02127,1.11092,-1.44601,-5.01449,1.09658,-1.43337,-5.82172,1.39988,-0.860936,-5.78279,1.39988,-2.12873,-5.04321,1.39988,-2.10602,-5.08214,1.39988,-0.838226,-5.82172,0.874971,-0.860936,-5.78279,0.874971,-2.12873,-5.04321,0.874971,-2.10602,-5.08214,0.874971,-0.838226,-5.03051,1.3781,-2.07251,-5.06741,1.3781,-0.870887,-5.03051,0.88058,-2.07251,-5.06741,0.88058,-0.870887,-5.78279,0.17796,-2.12873,-5.04321,0.17796,-2.10602,-5.08214,0.17796,-0.838226,-5.82172,0.17796,-0.860936,-5.18136,-0.0628609,-0.856723,-5.17906,-0.0628609,-0.931383,-5.1044,-0.0628609,-0.929091,-5.1067,-0.0628609,-0.85443,-5.18136,0.32678,-0.856723,-5.17906,0.32678,-0.931383,-5.1044,0.32678,-0.929091,-5.1067,0.32678,-0.85443,-5.81172,-0.0628609,-0.876079,-5.80942,-0.0628609,-0.95074,-5.73476,-0.0628609,-0.948447,-5.73706,-0.0628609,-0.873787,-5.81172,0.32678,-0.876079,-5.80942,0.32678,-0.95074,-5.73476,0.32678,-0.948447,-5.73706,0.32678,-0.873787,-5.1457,-0.0628609,-2.01796,-5.14341,-0.0628609,-2.09262,-5.06875,-0.0628609,-2.09033,-5.07104,-0.0628609,-2.01566,-5.1457,0.32678,-2.01796,-5.14341,0.32678,-2.09262,-5.06875,0.32678,-2.09033,-5.07104,0.32678,-2.01566,-5.77606,-0.0628609,-2.03731,-5.77377,-0.0628609,-2.11197,-5.6991,-0.0628609,-2.10968,-5.7014,-0.0628609,-2.03502,-5.77606,0.32678,-2.03731,-5.77377,0.32678,-2.11197,-5.6991,0.32678,-2.10968,-5.7014,0.32678,-2.03502],
			"faces"    : [43,0,4,5,1,0,0,1,2,3,0,1,2,3,0,1,2,3,43,1,5,6,2,0,4,5,6,7,4,5,6,7,3,2,4,5,43,2,6,7,3,0,8,9,10,11,8,9,10,11,5,4,6,7,43,0,3,7,4,0,12,13,14,15,12,13,14,15,0,7,6,1,43,4,8,9,5,0,16,17,18,19,16,17,18,19,1,8,9,2,43,5,9,10,6,0,20,21,22,23,20,21,22,23,2,9,10,4,43,6,10,11,7,0,24,25,26,27,24,25,26,27,4,10,11,6,43,7,11,8,4,0,28,29,30,31,28,29,30,31,6,11,8,1,43,12,16,17,13,0,32,33,34,35,32,33,34,35,10,12,13,9,43,13,17,18,14,0,36,37,38,39,36,37,38,39,9,13,14,8,43,14,18,19,15,0,40,41,42,43,40,41,42,43,8,14,15,11,43,15,19,16,12,0,44,45,46,47,44,45,46,47,11,15,12,10,43,16,0,1,17,0,48,49,50,51,48,49,50,51,12,0,3,13,43,17,1,2,18,0,52,53,54,55,52,53,54,55,13,3,5,14,43,18,2,3,19,0,56,57,58,59,56,57,58,59,14,5,7,15,43,0,16,19,3,0,60,61,62,63,60,61,62,63,0,12,15,7,43,23,22,21,20,0,64,65,66,67,64,65,66,67,16,17,18,19,43,20,21,25,24,0,68,69,70,71,68,69,70,71,19,18,20,21,43,21,22,26,25,0,72,73,74,75,72,73,74,75,18,17,22,20,43,27,26,30,31,0,76,77,78,79,76,77,78,79,23,22,24,25,43,23,20,24,27,0,80,81,82,83,80,81,82,83,16,19,21,23,43,28,29,31,30,0,84,85,86,87,84,85,86,87,26,27,25,24,43,23,27,31,29,0,88,89,90,91,88,89,90,91,16,23,25,27,43,26,22,28,30,0,92,93,94,95,92,93,94,95,22,17,26,24,43,22,23,29,28,0,96,97,98,99,96,97,98,99,17,16,27,26,43,24,25,32,35,0,100,101,102,103,100,101,102,103,21,20,20,21,43,25,26,33,32,0,104,105,106,107,104,105,106,107,20,22,28,20,43,26,27,34,33,0,108,109,110,111,108,109,110,111,22,23,29,28,43,27,24,35,34,0,112,113,114,115,112,113,114,115,23,21,21,29,43,40,41,37,36,0,116,117,118,119,116,117,118,119,21,20,20,21,43,41,42,38,37,0,120,121,122,123,120,121,122,123,20,28,28,20,43,42,43,39,38,0,124,125,126,127,124,125,126,127,28,29,29,28,43,43,40,36,39,0,128,129,130,131,128,129,130,131,29,21,21,29,43,48,49,45,44,0,132,133,134,135,132,133,134,135,21,20,20,21,43,49,50,46,45,0,136,137,138,139,136,137,138,139,20,28,28,20,43,50,51,47,46,0,140,141,142,143,140,141,142,143,28,29,29,28,43,51,48,44,47,0,144,145,146,147,144,145,146,147,29,21,21,29,43,56,57,53,52,0,148,149,150,151,148,149,150,151,21,20,20,21,43,57,58,54,53,0,152,153,154,155,152,153,154,155,20,28,28,20,43,58,59,55,54,0,156,157,158,159,156,157,158,159,28,29,29,28,43,59,56,52,55,0,160,161,162,163,160,161,162,163,29,21,21,29,43,64,65,61,60,0,164,165,166,167,164,165,166,167,21,20,20,21,43,65,66,62,61,0,168,169,170,171,168,169,170,171,20,28,30,20,43,66,67,63,62,0,172,173,174,175,172,173,174,175,28,29,29,30,43,67,64,60,63,0,176,177,178,179,176,177,178,179,29,21,21,29],