	{

		"metadata": {
			"formatVersion" : 3.1,
			"generatedBy"   : "Blender 2.7 Exporter",
			"vertices"      : 29,
			"faces"         : 16,
			"normals"       : 20,
			"colors"        : 0,
			"uvs"           : [16],
			"materials"     : 1,
			"morphTargets"  : 0,
			"bones"         : 0
		},

			"scale" : 1.000000,
			
			"vertices" : [7.15605,6.53548,7.07911,-6.34387,6.53548,7.07911,7.15605,6.53548,-6.42081,-6.34387,6.53549,-6.42081,-5.92883,-0.0393248,6.6683,-5.92883,-0.0393257,-6.01,6.74947,-0.0393257,-6.01,-2.91891,-0.0393262,-6.01,0.967454,-0.0393257,-6.01,-5.92883,2.34982,6.6683,-5.92883,2.34982,-6.01,6.74947,2.34982,-6.01,-2.91891,2.34982,-6.01,0.967453,2.34982,-6.01,-6.1292,2.4902,7.11823,-6.1292,2.4902,-6.12248,7.11152,2.4902,-6.12249,-2.98576,2.4902,-6.12248,1.073,2.4902,-6.12248,6.74947,-0.0393248,6.69002,6.74947,2.34982,6.69002,7.11152,2.4902,6.86399,-0.380906,-0.0393248,6.69002,-0.380907,2.34982,6.69002,-0.178495,2.4902,6.86399,7.15605,6.64702,7.07911,-6.34387,6.64702,7.07911,7.15605,6.64702,-6.42081,-6.34387,6.64702,-6.42081],
			"faces"    : [43,0,1,3,2,0,0,1,2,3,0,1,1,1,43,9,4,5,10,0,1,2,3,0,2,3,4,5,43,13,8,6,11,0,4,5,3,0,6,7,8,9,43,10,5,7,12,0,1,2,6,7,5,4,7,6,43,12,7,8,13,0,7,6,5,4,6,7,7,6,43,12,13,18,17,0,8,9,9,8,6,6,10,10,43,10,12,17,15,0,10,8,8,10,5,6,10,11,43,13,11,16,18,0,9,11,11,9,6,9,12,10,43,9,10,15,14,0,12,13,13,12,2,5,11,13,43,16,11,20,21,0,11,11,11,11,12,9,14,15,43,11,6,19,20,0,1,2,3,0,9,8,16,14,43,21,20,23,24,0,11,11,11,11,15,14,17,18,43,20,19,22,23,0,1,2,14,15,14,16,19,17,43,4,9,23,22,0,3,0,15,14,3,2,17,19,43,14,24,23,9,0,2,11,1,12,13,18,17,2,43,25,26,28,27,0,0,1,2,3,0,1,1,1],
			"uvs"      : [[1,1,0,1,0,0,1,0,0.543944,1,0.543944,0,0.237408,0,0.237407,1,0.661443,0.223389,0.661443,0.552646,0.661443,0.003553,0.661443,0.997884,0.337594,0.997884,0.337594,0.003553,0.562408,0,0.562408,1]],
			"normals"  : [0,-0.999969,0,0,-1,0,0.554369,0.713462,-0.42848,0.708487,0,-0.70571,0.707083,0,0.707083,0.503159,0.582171,0.63863,0,0.33137,0.94348,0,0,1,-0.707083,0,0.707083,-0.408918,0.621204,0.668477,0,0.625294,0.780358,0.398846,0.848323,0.348155,-0.290811,0.930021,0.224586,0.18012,0.936216,-0.301645,-0.415113,0.701559,-0.57918,-0.260231,0.940703,-0.217505,-0.707083,0,-0.707083,-0.002411,0.512803,-0.858486,-0.002258,0.820124,-0.572161,0.001953,0,-0.999969],
			
			"skinIndices"  : [],
			"skinWeights"  : [],
			"morphTargets" : [],
			
			"bones"      : [],
			"animations" : [],
			
			"colors"    : [],
			"materials" : [
				{
					"DbgColor": 15658734,
					"DbgIndex": 0,
					"DbgName": "Material.008",
					"blending": "NormalBlending",
					"colorAmbient": [0.6400000190734865, 0.6400000190734865, 0.6400000190734865],
					"colorDiffuse": [0.6400000190734865, 0.6400000190734865, 0.6400000190734865],
					"colorEmissive": [0.0, 0.0, 0.0],
					"colorSpecular": [0.05000000074505806, 0.05000000074505806, 0.05000000074505806],
					"depthTest": true,
					"depthWrite": true,
					"mapBump": "ceramic-normal.jpg",
					"mapBumpRepeat": [5, 2],
					"mapBumpScale": 0.009999999776482582,
					"mapBumpWrap": ["repeat", "repeat"],
					"mapDiffuse": "ceramic-diffuse.jpg",
					"mapDiffuseRepeat": [5, 2],
					"mapDiffuseWrap": ["repeat", "repeat"],
					"mapSpecular": "ceramic-specular.jpg",
					"mapSpecularRepeat": [5, 2],
					"mapSpecularWrap": ["repeat", "repeat"],
					"shading": "Phong",
					"specularCoef": 500,
					"transparency": 1.0,
					"transparent": false,
					"vertexColors": false
				}
			]


	}
