	{

		"metadata": {
			"formatVersion" : 3.1,
			"generatedBy"   : "Blender 2.7 Exporter",
			"vertices"      : 64,
			"faces"         : 40,
			"normals"       : 12,
			"colors"        : 0,
			"uvs"           : [],
			"materials"     : 1,
			"morphTargets"  : 0,
			"bones"         : 0
		},

			"scale" : 1.000000,
			
			"vertices" : [-2.02128,3.25338,-6.23378,-2.02128,3.25338,-6.34897,-1.90609,3.25338,-6.34897,-1.90609,3.25338,-6.23378,-2.02128,6.38116,-6.23378,-2.02128,6.38116,-6.34897,-1.90609,6.38116,-6.34897,-1.90609,6.38116,-6.23378,-2.02128,3.25338,-6.23378,-2.02128,3.25338,-6.34897,-1.90609,3.25338,-6.34897,-1.90609,3.25338,-6.23378,-2.02128,6.38116,-6.23378,-2.02128,6.38116,-6.34897,-1.90609,6.38116,-6.34897,-1.90609,6.38116,-6.23378,-1.32128,3.25338,-6.23378,-1.32128,3.25338,-6.34897,-1.20609,3.25338,-6.34897,-1.20609,3.25338,-6.23378,-1.32128,6.38116,-6.23378,-1.32128,6.38116,-6.34897,-1.20609,6.38116,-6.34897,-1.20609,6.38116,-6.23378,-1.32128,3.25338,-6.23378,-1.32128,3.25338,-6.34897,-1.20609,3.25338,-6.34897,-1.20609,3.25338,-6.23378,-1.32128,6.38116,-6.23378,-1.32128,6.38116,-6.34897,-1.20609,6.38116,-6.34897,-1.20609,6.38116,-6.23378,0.678719,3.25338,-6.23378,0.678719,3.25338,-6.34897,0.793907,3.25338,-6.34897,0.793907,3.25338,-6.23378,0.678719,6.38116,-6.23378,0.678719,6.38116,-6.34897,0.793907,6.38116,-6.34897,0.793907,6.38116,-6.23378,-0.621281,3.25338,-6.23378,-0.621281,3.25338,-6.34897,-0.506094,3.25338,-6.34897,-0.506094,3.25338,-6.23378,-0.621281,6.38116,-6.23378,-0.621281,6.38116,-6.34897,-0.506094,6.38116,-6.34897,-0.506094,6.38116,-6.23378,0.0787188,3.25338,-6.23378,0.0787188,3.25338,-6.34897,0.193906,3.25338,-6.34897,0.193906,3.25338,-6.23378,0.0787188,6.38116,-6.23378,0.0787188,6.38116,-6.34897,0.193906,6.38116,-6.34897,0.193906,6.38116,-6.23378,1.27872,3.25338,-6.23378,1.27872,3.25338,-6.34897,1.39391,3.25338,-6.34897,1.39391,3.25338,-6.23378,1.27872,6.38116,-6.23378,1.27872,6.38116,-6.34897,1.39391,6.38116,-6.34897,1.39391,6.38116,-6.23378],
			"faces"    : [35,1,0,4,5,0,0,1,2,3,35,5,6,2,1,0,3,4,5,0,35,6,7,3,2,0,4,6,7,5,35,0,3,7,4,0,1,7,6,2,35,0,1,2,3,0,1,0,5,7,35,20,21,17,16,0,2,3,0,1,35,12,13,9,8,0,8,9,3,2,35,13,14,10,9,0,9,10,4,3,35,14,15,11,10,0,10,11,6,4,35,15,12,8,11,0,11,8,2,6,35,21,22,18,17,0,3,4,5,0,35,15,14,13,12,0,11,10,9,8,35,22,23,19,18,0,4,6,7,5,35,23,20,16,19,0,6,2,1,7,35,16,17,18,19,0,1,0,5,7,35,28,29,25,24,0,8,9,3,2,35,29,30,26,25,0,9,10,4,3,35,30,31,27,26,0,10,11,6,4,35,31,28,24,27,0,11,8,2,6,35,31,30,29,28,0,11,10,9,8,35,36,37,33,32,0,2,3,0,1,35,37,38,34,33,0,3,4,5,0,35,38,39,35,34,0,4,6,7,5,35,39,36,32,35,0,6,2,1,7,35,32,33,34,35,0,1,0,5,7,35,52,53,49,48,0,2,3,0,1,35,44,45,41,40,0,8,9,3,2,35,45,46,42,41,0,9,10,4,3,35,46,47,43,42,0,10,11,6,4,35,47,44,40,43,0,11,8,2,6,35,53,54,50,49,0,3,4,5,0,35,47,46,45,44,0,11,10,9,8,35,54,55,51,50,0,4,6,7,5,35,55,52,48,51,0,6,2,1,7,35,48,49,50,51,0,1,0,5,7,35,60,61,57,56,0,8,9,3,2,35,61,62,58,57,0,9,10,4,3,35,62,63,59,58,0,10,11,6,4,35,63,60,56,59,0,11,8,2,6,35,63,62,61,60,0,11,10,9,8],
			"uvs"      : [],
			"normals"  : [-0.577349,-0.577349,-0.577349,-0.577349,-0.577349,0.577349,-0.707083,0,0.707083,-0.707083,0,-0.707083,0.707083,0,-0.707083,0.577349,-0.577349,-0.577349,0.707083,0,0.707083,0.577349,-0.577349,0.577349,-0.577349,0.577349,0.577349,-0.577349,0.577349,-0.577349,0.577349,0.577349,-0.577349,0.577349,0.577349,0.577349],
			
			"skinIndices"  : [],
			"skinWeights"  : [],
			"morphTargets" : [],
			
			"bones"      : [],
			"animations" : [],
			
			"colors"    : [],
			"materials" : [
				{
					"DbgColor": 15658734,
					"DbgIndex": 0,
					"DbgName": "Material.013",
					"blending": "NormalBlending",
					"colorAmbient": [0.011735593702429437, 0.011735593702429437, 0.011735593702429437],
					"colorDiffuse": [0.011735593702429437, 0.011735593702429437, 0.011735593702429437],
					"colorEmissive": [0.0, 0.0, 0.0],
					"colorSpecular": [0.5, 0.5, 0.5],
					"depthTest": true,
					"depthWrite": true,
					"shading": "Phong",
					"specularCoef": 50,
					"transparency": 1.0,
					"transparent": false,
					"vertexColors": false
				}
			]


	}
